年份,排名,品牌LOGO,国别,品牌名称,销量,占品牌份额
2016,1,https://i.img16888.com/carlogo75/57411.gif,德国,大众,2969350,12.44%
2016,2,https://i.img16888.com/carlogo75/57354.gif,美国,别克,1229804,5.15%
2016,3,https://i.img16888.com/carlogo75/57305.gif,日本,本田,1196677,5.01%
2016,4,https://i.img16888.com/carlogo75/58001.gif,韩国,现代,1158232,4.85%
2016,5,https://i.img16888.com/carlogo75/125976.gif,中国,五菱汽车,1121862,4.7%
2016,6,https://i.img16888.com/carlogo75/57500.gif,日本,丰田,1064173,4.46%
2016,7,https://i.img16888.com/carlogo75/57534.gif,美国,福特,1061464,4.45%
2016,8,https://i.img16888.com/carlogo75/57864.gif,日本,日产,1017291,4.26%
2016,9,https://i.img16888.com/carlogo75/126026.gif,中国,哈弗,938019,3.93%
2016,10,https://i.img16888.com/carlogo75/57604.gif,中国,吉利汽车,767177,3.21%
2016,11,https://i.img16888.com/carlogo75/125808.gif,中国,宝骏,760559,3.19%
2016,12,https://i.img16888.com/carlogo75/57378.gif,中国,长安,760260,3.19%
2016,13,https://i.img16888.com/carlogo75/57838.gif,韩国,起亚,647346,2.71%
2016,14,https://i.img16888.com/carlogo75/58024.gif,美国,雪佛兰,538667,2.26%
2016,15,https://i.img16888.com/carlogo75/57229.gif,德国,奥迪,536289,2.25%
2016,16,https://i.img16888.com/carlogo75/57328.gif,中国,比亚迪,489017,2.05%
2016,17,https://i.img16888.com/carlogo75/57823.gif,中国,奇瑞,467895,1.96%
2016,18,https://i.img16888.com/carlogo75/126292.gif,中国,长安欧尚,422702,1.77%
2016,19,https://i.img16888.com/carlogo75/57563.gif,中国,广汽传祺,378117,1.58%
2016,20,https://i.img16888.com/carlogo75/57620.gif,中国,江汽集团,359217,1.51%
2016,21,https://i.img16888.com/carlogo75/57338.gif,法国,标致,349364,1.46%
2016,22,https://i.img16888.com/carlogo75/57954.gif,捷克,斯柯达,330088,1.38%
2016,23,https://i.img16888.com/carlogo75/58085.gif,中国,众泰,323681,1.36%
2016,24,https://i.img16888.com/carlogo75/57279.gif,德国,奔驰,310578,1.3%
2016,25,https://i.img16888.com/carlogo75/57248.gif,德国,宝马,303208,1.27%
2016,26,https://i.img16888.com/carlogo75/58044.gif,法国,雪铁龙,268672,1.13%
2016,27,https://i.img16888.com/carlogo75/57772.gif,日本,马自达,268566,1.13%
2016,28,https://i.img16888.com/carlogo75/126546.gif,中国,北汽幻速,268535,1.13%
2016,29,https://i.img16888.com/carlogo75/126388.gif,中国,东风风行,261300,1.1%
2016,30,https://i.img16888.com/carlogo75/126169.gif,中国,北京汽车,242882,1.02%
2016,31,https://i.img16888.com/carlogo75/57891.gif,中国,荣威,241326,1.01%
2016,32,https://i.img16888.com/carlogo75/57571.gif,中国,海马,213865,0.9%
2016,33,https://i.img16888.com/carlogo75/126179.gif,中国,北汽威旺,182728,0.77%
2016,34,https://i.img16888.com/carlogo75/57636.gif,中国,金杯,168669,0.71%
2016,35,https://i.img16888.com/carlogo75/58074.gif,中国,中华,165549,0.69%
2016,36,https://i.img16888.com/carlogo75/57733.gif,日本,铃木,151603,0.64%
2016,37,https://i.img16888.com/carlogo75/57474.gif,中国,东风风神,149306,0.63%
2016,38,https://i.img16888.com/carlogo75/57612.gif,美国,Jeep,133391,0.56%
2016,39,https://i.img16888.com/carlogo75/126073.gif,中国,启辰,114383,0.48%
2016,40,https://i.img16888.com/carlogo75/57477.gif,中国,东南,113583,0.48%
2016,41,https://i.img16888.com/carlogo75/57651.gif,美国,凯迪拉克,111532,0.47%
2016,42,https://i.img16888.com/carlogo75/57710.gif,中国,力帆汽车,100589,0.42%
2016,43,https://i.img16888.com/carlogo75/57301.gif,中国,奔腾,95630,0.4%
2016,44,https://i.img16888.com/carlogo75/58064.gif,中国,一汽,86567,0.36%
2016,45,https://i.img16888.com/carlogo75/57765.gif,中国,名爵,80391,0.34%
2016,46,https://i.img16888.com/carlogo75/57396.gif,中国,猎豹汽车,76499,0.32%
2016,47,https://i.img16888.com/carlogo75/57594.gif,中国,华泰,73029,0.31%
2016,48,https://i.img16888.com/carlogo75/57375.gif,中国,北汽昌河,60623,0.25%
2016,49,https://i.img16888.com/carlogo75/127364.gif,中国,东风风光,60057,0.25%
2016,50,https://i.img16888.com/carlogo75/57909.gif,日本,三菱,58491,0.25%
2016,51,https://i.img16888.com/carlogo75/126335.gif,中国,东风小康,51254,0.21%
2016,52,https://i.img16888.com/carlogo75/126778.gif,中国,凯翼,43025,0.18%
2016,53,https://i.img16888.com/carlogo75/124944.gif,中国,江铃,41308,0.17%
2016,54,https://i.img16888.com/carlogo75/125802.gif,中国,纳智捷,40500,0.17%
2016,55,https://i.img16888.com/carlogo75/57756.gif,英国,路虎,39316,0.16%
2016,56,https://i.img16888.com/carlogo75/57404.gif,中国,野马汽车,38293,0.16%
2016,57,https://i.img16888.com/carlogo75/126518.gif,中国,中国重汽,34324,0.14%
2016,58,https://i.img16888.com/carlogo75/57272.gif,中国,北京,31566,0.13%
2016,59,https://i.img16888.com/carlogo75/57384.gif,中国,长城,30831,0.13%
2016,60,https://i.img16888.com/carlogo75/57979.gif,瑞典,沃尔沃,27808,0.12%
2016,61,https://i.img16888.com/carlogo75/126157.gif,中国,观致,26662,0.11%
2016,62,https://i.img16888.com/carlogo75/57699.gif,法国,雷诺,25612,0.11%
2016,63,https://i.img16888.com/carlogo75/57552.gif,中国,福田,25332,0.11%
2016,64,https://i.img16888.com/carlogo75/58067.gif,日本,英菲尼迪,21521,0.09%
2016,65,https://i.img16888.com/carlogo75/126162.gif,中国,上汽大通MAXUS,18981,0.08%
2016,66,https://i.img16888.com/carlogo75/126042.gif,法国,DS,16123,0.07%
2016,67,https://i.img16888.com/carlogo75/57490.gif,意大利,菲亚特,13049,0.05%
2016,68,https://i.img16888.com/carlogo75/57645.gif,中国,开瑞,11938,0.05%
2016,69,https://i.img16888.com/carlogo75/127041.gif,中国,知豆,9091,0.04%
2016,70,https://i.img16888.com/carlogo75/126500.gif,中国,东风风度,7590,0.03%
2016,71,https://i.img16888.com/carlogo75/57802.gif,日本,讴歌,6842,0.03%
2016,72,https://i.img16888.com/carlogo75/126528.gif,中国,福汽启腾,5863,0.02%
2016,73,https://i.img16888.com/carlogo75/57631.gif,英国,捷豹,5644,0.02%
2016,74,https://i.img16888.com/carlogo75/127130.gif,德国,宝沃,5556,0.02%
2016,75,https://i.img16888.com/carlogo75/57584.gif,中国,红旗,4815,0.02%
2016,76,https://i.img16888.com/carlogo75/126759.gif,中国,华颂,4529,0.02%
2016,77,https://i.img16888.com/carlogo75/57464.gif,中国,东风,4201,0.02%
2016,78,https://i.img16888.com/carlogo75/124659.gif,中国,理念,4173,0.02%
2016,79,https://i.img16888.com/carlogo75/126810.gif,中国,北汽新能源,4128,0.02%
2016,80,https://i.img16888.com/carlogo75/127635.gif,中国,比速汽车,3885,0.02%
2016,81,https://i.img16888.com/carlogo75/126360.gif,中国,腾势,2287,0.01%
2016,82,https://i.img16888.com/carlogo75/127020.gif,中国,全球鹰,2065,0.01%
2016,83,https://i.img16888.com/carlogo75/126663.gif,日本,五十铃,1806,0.01%
2016,84,https://i.img16888.com/carlogo75/57970.gif,中国,威麟,1348,0.01%
2016,85,https://i.img16888.com/carlogo75/126283.gif,中国,北汽制造,885,-
2016,86,https://i.img16888.com/carlogo75/57601.gif,中国,广汽吉奥,878,-
2016,87,https://i.img16888.com/carlogo75/57487.gif,中国,永源,514,-
2016,88,https://i.img16888.com/carlogo75/126113.gif,中国,欧朗,205,-
2016,89,https://i.img16888.com/carlogo75/57895.gif,中国,瑞麒,170,-
2016,90,https://i.img16888.com/carlogo75/57598.gif,中国,黄海,50,-
2016,91,https://i.img16888.com/carlogo75/58082.gif,中国,中兴,2,-
2017,1,https://i.img16888.com/carlogo75/57411.gif,德国,大众,3115228,12.7%
2017,2,https://i.img16888.com/carlogo75/57305.gif,日本,本田,1394328,5.69%
2017,3,https://i.img16888.com/carlogo75/57354.gif,美国,别克,1260304,5.14%
2017,4,https://i.img16888.com/carlogo75/57604.gif,中国,吉利汽车,1247516,5.09%
2017,5,https://i.img16888.com/carlogo75/57500.gif,日本,丰田,1131618,4.61%
2017,6,https://i.img16888.com/carlogo75/57864.gif,日本,日产,1117538,4.56%
2017,7,https://i.img16888.com/carlogo75/125808.gif,中国,宝骏,1016232,4.14%
2017,8,https://i.img16888.com/carlogo75/125976.gif,中国,五菱汽车,875478,3.57%
2017,9,https://i.img16888.com/carlogo75/126026.gif,中国,哈弗,851855,3.47%
2017,10,https://i.img16888.com/carlogo75/57534.gif,美国,福特,832919,3.4%
2017,11,https://i.img16888.com/carlogo75/58001.gif,韩国,现代,781503,3.19%
2017,12,https://i.img16888.com/carlogo75/57378.gif,中国,长安,771549,3.15%
2017,13,https://i.img16888.com/carlogo75/58024.gif,美国,雪佛兰,601724,2.45%
2017,14,https://i.img16888.com/carlogo75/57229.gif,德国,奥迪,552004,2.25%
2017,15,https://i.img16888.com/carlogo75/57563.gif,中国,广汽传祺,500980,2.04%
2017,16,https://i.img16888.com/carlogo75/57279.gif,德国,奔驰,436748,1.78%
2017,17,https://i.img16888.com/carlogo75/57328.gif,中国,比亚迪,404788,1.65%
2017,18,https://i.img16888.com/carlogo75/57823.gif,中国,奇瑞,402433,1.64%
2017,19,https://i.img16888.com/carlogo75/57248.gif,德国,宝马,385557,1.57%
2017,20,https://i.img16888.com/carlogo75/57891.gif,中国,荣威,374826,1.53%
2017,21,https://i.img16888.com/carlogo75/57838.gif,韩国,起亚,359528,1.47%
2017,22,https://i.img16888.com/carlogo75/126292.gif,中国,长安欧尚,356451,1.45%
2017,23,https://i.img16888.com/carlogo75/57954.gif,捷克,斯柯达,324986,1.33%
2017,24,https://i.img16888.com/carlogo75/57772.gif,日本,马自达,316243,1.29%
2017,25,https://i.img16888.com/carlogo75/58085.gif,中国,众泰,312974,1.28%
2017,26,https://i.img16888.com/carlogo75/127364.gif,中国,东风风光,266131,1.09%
2017,27,https://i.img16888.com/carlogo75/126546.gif,中国,北汽幻速,255259,1.04%
2017,28,https://i.img16888.com/carlogo75/57338.gif,法国,标致,241114,0.98%
2017,29,https://i.img16888.com/carlogo75/126388.gif,中国,东风风行,230378,0.94%
2017,30,https://i.img16888.com/carlogo75/57620.gif,中国,江汽集团,216623,0.88%
2017,31,https://i.img16888.com/carlogo75/57612.gif,美国,Jeep,202901,0.83%
2017,32,https://i.img16888.com/carlogo75/57651.gif,美国,凯迪拉克,173469,0.71%
2017,33,https://i.img16888.com/carlogo75/57477.gif,中国,东南,151246,0.62%
2017,34,https://i.img16888.com/carlogo75/126073.gif,中国,启辰,143206,0.58%
2017,35,https://i.img16888.com/carlogo75/57571.gif,中国,海马,136041,0.55%
2017,36,https://i.img16888.com/carlogo75/57765.gif,中国,名爵,135362,0.55%
2017,37,https://i.img16888.com/carlogo75/58044.gif,法国,雪铁龙,130827,0.53%
2017,38,https://i.img16888.com/carlogo75/57474.gif,中国,东风风神,125152,0.51%
2017,39,https://i.img16888.com/carlogo75/57396.gif,中国,猎豹汽车,122750,0.5%
2017,40,https://i.img16888.com/carlogo75/57594.gif,中国,华泰,120551,0.49%
2017,41,https://i.img16888.com/carlogo75/57909.gif,日本,三菱,119778,0.49%
2017,42,https://i.img16888.com/carlogo75/57636.gif,中国,金杯,117711,0.48%
2017,43,https://i.img16888.com/carlogo75/57733.gif,日本,铃木,114566,0.47%
2017,44,https://i.img16888.com/carlogo75/57301.gif,中国,奔腾,111999,0.46%
2017,45,https://i.img16888.com/carlogo75/126169.gif,中国,北京汽车,108269,0.44%
2017,46,https://i.img16888.com/carlogo75/57710.gif,中国,力帆汽车,101434,0.41%
2017,47,https://i.img16888.com/carlogo75/58074.gif,中国,中华,98815,0.4%
2017,48,https://i.img16888.com/carlogo75/58064.gif,中国,一汽,94056,0.38%
2017,49,https://i.img16888.com/carlogo75/57645.gif,中国,开瑞,93565,0.38%
2017,50,https://i.img16888.com/carlogo75/57979.gif,瑞典,沃尔沃,91496,0.37%
2017,51,https://i.img16888.com/carlogo75/126179.gif,中国,北汽威旺,86971,0.35%
2017,52,https://i.img16888.com/carlogo75/127628.gif,中国,魏牌,86427,0.35%
2017,53,https://i.img16888.com/carlogo75/57699.gif,法国,雷诺,72188,0.29%
2017,54,https://i.img16888.com/carlogo75/127635.gif,中国,比速汽车,72092,0.29%
2017,55,https://i.img16888.com/carlogo75/126810.gif,中国,北汽新能源,61941,0.25%
2017,56,https://i.img16888.com/carlogo75/57756.gif,英国,路虎,61915,0.25%
2017,57,https://i.img16888.com/carlogo75/57375.gif,中国,北汽昌河,57016,0.23%
2017,58,https://i.img16888.com/carlogo75/57272.gif,中国,北京,45877,0.19%
2017,59,https://i.img16888.com/carlogo75/126335.gif,中国,东风小康,45677,0.19%
2017,60,https://i.img16888.com/carlogo75/124944.gif,中国,江铃,45106,0.18%
2017,61,https://i.img16888.com/carlogo75/127130.gif,德国,宝沃,44380,0.18%
2017,62,https://i.img16888.com/carlogo75/126778.gif,中国,凯翼,41673,0.17%
2017,63,https://i.img16888.com/carlogo75/127041.gif,中国,知豆,36660,0.15%
2017,64,https://i.img16888.com/carlogo75/57404.gif,中国,野马汽车,34548,0.14%
2017,65,https://i.img16888.com/carlogo75/57552.gif,中国,福田,29779,0.12%
2017,66,https://i.img16888.com/carlogo75/58067.gif,日本,英菲尼迪,27766,0.11%
2017,67,https://i.img16888.com/carlogo75/126162.gif,中国,上汽大通MAXUS,26429,0.11%
2017,68,https://i.img16888.com/carlogo75/126518.gif,中国,中国重汽,23547,0.1%
2017,69,https://i.img16888.com/carlogo75/57631.gif,英国,捷豹,21973,0.09%
2017,70,https://i.img16888.com/carlogo75/127717.gif,中国,SWM斯威汽车,18571,0.08%
2017,71,https://i.img16888.com/carlogo75/125802.gif,中国,纳智捷,18033,0.07%
2017,72,https://i.img16888.com/carlogo75/128342.gif,中国,江铃集团新能源,17807,0.07%
2017,73,https://i.img16888.com/carlogo75/126157.gif,中国,观致,14959,0.06%
2017,74,https://i.img16888.com/carlogo75/127020.gif,中国,全球鹰,14745,0.06%
2017,75,https://i.img16888.com/carlogo75/57802.gif,日本,讴歌,13475,0.05%
2017,76,https://i.img16888.com/carlogo75/57384.gif,中国,长城,12033,0.05%
2017,77,https://i.img16888.com/carlogo75/126528.gif,中国,福汽启腾,9638,0.04%
2017,78,https://i.img16888.com/carlogo75/126500.gif,中国,东风风度,9315,0.04%
2017,79,https://i.img16888.com/carlogo75/57464.gif,中国,东风,7441,0.03%
2017,80,https://i.img16888.com/carlogo75/126042.gif,法国,DS,6088,0.02%
2017,81,https://i.img16888.com/carlogo75/127385.gif,中国,汉腾汽车,5138,0.02%
2017,82,https://i.img16888.com/carlogo75/126360.gif,中国,腾势,4713,0.02%
2017,83,https://i.img16888.com/carlogo75/57584.gif,中国,红旗,4665,0.02%
2017,84,https://i.img16888.com/carlogo75/57598.gif,中国,黄海,4360,0.02%
2017,85,https://i.img16888.com/carlogo75/126759.gif,中国,华颂,4091,0.02%
2017,86,https://i.img16888.com/carlogo75/126663.gif,日本,五十铃,3577,0.01%
2017,87,https://i.img16888.com/carlogo75/124659.gif,中国,理念,2388,0.01%
2017,88,https://i.img16888.com/carlogo75/57490.gif,意大利,菲亚特,2276,0.01%
2017,89,https://i.img16888.com/carlogo75/126332.gif,中国,福迪,1619,0.01%
2017,90,https://i.img16888.com/carlogo75/126283.gif,中国,北汽制造,1065,-
2017,91,https://i.img16888.com/carlogo75/57970.gif,中国,威麟,131,-
2017,92,https://i.img16888.com/carlogo75/57601.gif,中国,广汽吉奥,6,-
2018,1,https://i.img16888.com/carlogo75/57411.gif,德国,大众,3017824,13.01%
2018,2,https://i.img16888.com/carlogo75/57305.gif,日本,本田,1466411,6.32%
2018,3,https://i.img16888.com/carlogo75/57604.gif,中国,吉利汽车,1365865,5.89%
2018,4,https://i.img16888.com/carlogo75/57500.gif,日本,丰田,1228824,5.3%
2018,5,https://i.img16888.com/carlogo75/57864.gif,日本,日产,1164156,5.02%
2018,6,https://i.img16888.com/carlogo75/57354.gif,美国,别克,1066629,4.6%
2018,7,https://i.img16888.com/carlogo75/125808.gif,中国,宝骏,870522,3.75%
2018,8,https://i.img16888.com/carlogo75/58001.gif,韩国,现代,788326,3.4%
2018,9,https://i.img16888.com/carlogo75/125976.gif,中国,五菱汽车,772458,3.33%
2018,10,https://i.img16888.com/carlogo75/126026.gif,中国,哈弗,765045,3.3%
2018,11,https://i.img16888.com/carlogo75/57378.gif,中国,长安,674469,2.91%
2018,12,https://i.img16888.com/carlogo75/58024.gif,美国,雪佛兰,641320,2.77%
2018,13,https://i.img16888.com/carlogo75/57229.gif,德国,奥迪,590024,2.54%
2018,14,https://i.img16888.com/carlogo75/57563.gif,中国,广汽传祺,518573,2.24%
2018,15,https://i.img16888.com/carlogo75/57328.gif,中国,比亚迪,489524,2.11%
2018,16,https://i.img16888.com/carlogo75/57279.gif,德国,奔驰,487413,2.1%
2018,17,https://i.img16888.com/carlogo75/57891.gif,中国,荣威,470092,2.03%
2018,18,https://i.img16888.com/carlogo75/57248.gif,德国,宝马,455810,1.97%
2018,19,https://i.img16888.com/carlogo75/57823.gif,中国,奇瑞,439132,1.89%
2018,20,https://i.img16888.com/carlogo75/57534.gif,美国,福特,387679,1.67%
2018,21,https://i.img16888.com/carlogo75/57838.gif,韩国,起亚,373209,1.61%
2018,22,https://i.img16888.com/carlogo75/57954.gif,捷克,斯柯达,342571,1.48%
2018,23,https://i.img16888.com/carlogo75/57772.gif,日本,马自达,290449,1.25%
2018,24,https://i.img16888.com/carlogo75/58085.gif,中国,众泰,232926,1%
2018,25,https://i.img16888.com/carlogo75/57765.gif,中国,名爵,231093,1%
2018,26,https://i.img16888.com/carlogo75/57651.gif,美国,凯迪拉克,228043,0.98%
2018,27,https://i.img16888.com/carlogo75/127364.gif,中国,东风风光,218998,0.94%
2018,28,https://i.img16888.com/carlogo75/57620.gif,中国,江汽集团,194414,0.84%
2018,29,https://i.img16888.com/carlogo75/126292.gif,中国,长安欧尚,181250,0.78%
2018,30,https://i.img16888.com/carlogo75/126546.gif,中国,北汽幻速,158083,0.68%
2018,31,https://i.img16888.com/carlogo75/57909.gif,日本,三菱,143448,0.62%
2018,32,https://i.img16888.com/carlogo75/57338.gif,法国,标致,137381,0.59%
2018,33,https://i.img16888.com/carlogo75/127628.gif,中国,魏牌,135446,0.58%
2018,34,https://i.img16888.com/carlogo75/126073.gif,中国,启辰,132068,0.57%
2018,35,https://i.img16888.com/carlogo75/126388.gif,中国,东风风行,128437,0.55%
2018,36,https://i.img16888.com/carlogo75/127597.gif,中国,领克,120414,0.52%
2018,37,https://i.img16888.com/carlogo75/57612.gif,美国,Jeep,117300,0.51%
2018,38,https://i.img16888.com/carlogo75/58044.gif,法国,雪铁龙,114197,0.49%
2018,39,https://i.img16888.com/carlogo75/126810.gif,中国,北汽新能源,109627,0.47%
2018,40,https://i.img16888.com/carlogo75/57979.gif,瑞典,沃尔沃,109415,0.47%
2018,41,https://i.img16888.com/carlogo75/126169.gif,中国,北京汽车,108560,0.47%
2018,42,https://i.img16888.com/carlogo75/57594.gif,中国,华泰,106379,0.46%
2018,43,https://i.img16888.com/carlogo75/57474.gif,中国,东风风神,95311,0.41%
2018,44,https://i.img16888.com/carlogo75/57301.gif,中国,奔腾,85637,0.37%
2018,45,https://i.img16888.com/carlogo75/57477.gif,中国,东南,84447,0.36%
2018,46,https://i.img16888.com/carlogo75/58074.gif,中国,中华,75532,0.33%
2018,47,https://i.img16888.com/carlogo75/57636.gif,中国,金杯,72296,0.31%
2018,48,https://i.img16888.com/carlogo75/127635.gif,中国,比速汽车,67786,0.29%
2018,49,https://i.img16888.com/carlogo75/126157.gif,中国,观致,67517,0.29%
2018,50,https://i.img16888.com/carlogo75/57396.gif,中国,猎豹汽车,64762,0.28%
2018,51,https://i.img16888.com/carlogo75/57571.gif,中国,海马,59325,0.26%
2018,52,https://i.img16888.com/carlogo75/57645.gif,中国,开瑞,58607,0.25%
2018,53,https://i.img16888.com/carlogo75/57733.gif,日本,铃木,56778,0.24%
2018,54,https://i.img16888.com/carlogo75/127717.gif,中国,SWM斯威汽车,56377,0.24%
2018,55,https://i.img16888.com/carlogo75/57375.gif,中国,北汽昌河,54123,0.23%
2018,56,https://i.img16888.com/carlogo75/58064.gif,中国,一汽,50915,0.22%
2018,57,https://i.img16888.com/carlogo75/57699.gif,法国,雷诺,50112,0.22%
2018,58,https://i.img16888.com/carlogo75/128342.gif,中国,江铃集团新能源,44422,0.19%
2018,59,https://i.img16888.com/carlogo75/57272.gif,中国,北京,40971,0.18%
2018,60,https://i.img16888.com/carlogo75/57756.gif,英国,路虎,40481,0.17%
2018,61,https://i.img16888.com/carlogo75/127954.gif,中国,捷途,40009,0.17%
2018,62,https://i.img16888.com/carlogo75/126335.gif,中国,东风小康,39051,0.17%
2018,63,https://i.img16888.com/carlogo75/57710.gif,中国,力帆汽车,33447,0.14%
2018,64,https://i.img16888.com/carlogo75/127130.gif,德国,宝沃,32942,0.14%
2018,65,https://i.img16888.com/carlogo75/57584.gif,中国,红旗,28445,0.12%
2018,66,https://i.img16888.com/carlogo75/58067.gif,日本,英菲尼迪,27337,0.12%
2018,67,https://i.img16888.com/carlogo75/57631.gif,英国,捷豹,27310,0.12%
2018,68,https://i.img16888.com/carlogo75/124944.gif,中国,江铃,25927,0.11%
2018,69,https://i.img16888.com/carlogo75/127800.gif,中国,君马汽车,21521,0.09%
2018,70,https://i.img16888.com/carlogo75/57464.gif,中国,东风,21093,0.09%
2018,71,https://i.img16888.com/carlogo75/126162.gif,中国,上汽大通MAXUS,21059,0.09%
2018,72,https://i.img16888.com/carlogo75/126179.gif,中国,北汽威旺,20537,0.09%
2018,73,https://i.img16888.com/carlogo75/57552.gif,中国,福田,18582,0.08%
2018,74,https://i.img16888.com/carlogo75/126778.gif,中国,凯翼,18061,0.08%
2018,75,https://i.img16888.com/carlogo75/57404.gif,中国,野马汽车,16218,0.07%
2018,76,https://i.img16888.com/carlogo75/127041.gif,中国,知豆,15336,0.07%
2018,77,https://i.img16888.com/carlogo75/126518.gif,中国,中国重汽,13724,0.06%
2018,78,https://i.img16888.com/carlogo75/126372.gif,中国,蔚来,12807,0.06%
2018,79,https://i.img16888.com/carlogo75/57384.gif,中国,长城,8781,0.04%
2018,80,https://i.img16888.com/carlogo75/57802.gif,日本,讴歌,6853,0.03%
2018,81,https://i.img16888.com/carlogo75/125802.gif,中国,纳智捷,6742,0.03%
2018,82,https://i.img16888.com/carlogo75/127863.gif,中国,云度,6654,0.03%
2018,83,https://i.img16888.com/carlogo75/126528.gif,中国,福汽启腾,3558,0.02%
2018,84,https://i.img16888.com/carlogo75/128221.gif,中国,大乘汽车,3489,0.02%
2018,85,https://i.img16888.com/carlogo75/126283.gif,中国,北汽制造,3377,0.01%
2018,86,https://i.img16888.com/carlogo75/126042.gif,法国,DS,3355,0.01%
2018,87,https://i.img16888.com/carlogo75/126663.gif,日本,五十铃,2999,0.01%
2018,88,https://i.img16888.com/carlogo75/126500.gif,中国,东风风度,2506,0.01%
2018,89,https://i.img16888.com/carlogo75/126360.gif,中国,腾势,1974,0.01%
2018,90,https://i.img16888.com/carlogo75/127020.gif,中国,全球鹰,1803,0.01%
2018,91,https://i.img16888.com/carlogo75/127900.gif,中国,电咖汽车,1735,0.01%
2018,92,https://i.img16888.com/carlogo75/126332.gif,中国,福迪,1414,0.01%
2018,93,https://i.img16888.com/carlogo75/126759.gif,中国,华颂,1069,-
2018,94,https://i.img16888.com/carlogo75/128310.gif,中国,长安凯程,771,-
2018,95,https://i.img16888.com/carlogo75/128201.gif,中国,欧尚汽车,435,-
2018,96,https://i.img16888.com/carlogo75/57490.gif,意大利,菲亚特,381,-
2018,97,https://i.img16888.com/carlogo75/124659.gif,中国,理念,100,-
2018,98,https://i.img16888.com/carlogo75/127959.gif,中国,小鹏汽车,41,-
2019,1,https://i.img16888.com/carlogo75/57411.gif,德国,大众,3149758,14.67%
2019,2,https://i.img16888.com/carlogo75/57305.gif,日本,本田,1567922,7.3%
2019,3,https://i.img16888.com/carlogo75/57500.gif,日本,丰田,1400786,6.52%
2019,4,https://i.img16888.com/carlogo75/57604.gif,中国,吉利汽车,1223865,5.7%
2019,5,https://i.img16888.com/carlogo75/57864.gif,日本,日产,1186338,5.53%
2019,6,https://i.img16888.com/carlogo75/57354.gif,美国,别克,876946,4.08%
2019,7,https://i.img16888.com/carlogo75/126026.gif,中国,哈弗,793807,3.7%
2019,8,https://i.img16888.com/carlogo75/58001.gif,韩国,现代,701541,3.27%
2019,9,https://i.img16888.com/carlogo75/57378.gif,中国,长安,673273,3.14%
2019,10,https://i.img16888.com/carlogo75/125976.gif,中国,五菱汽车,637940,2.97%
2019,11,https://i.img16888.com/carlogo75/57229.gif,德国,奥迪,619211,2.88%
2019,12,https://i.img16888.com/carlogo75/57279.gif,德国,奔驰,593824,2.77%
2019,13,https://i.img16888.com/carlogo75/57248.gif,德国,宝马,572937,2.67%
2019,14,https://i.img16888.com/carlogo75/125808.gif,中国,宝骏,541133,2.52%
2019,15,https://i.img16888.com/carlogo75/58024.gif,美国,雪佛兰,512455,2.39%
2019,16,https://i.img16888.com/carlogo75/57891.gif,中国,荣威,449899,2.1%
2019,17,https://i.img16888.com/carlogo75/57328.gif,中国,比亚迪,441807,2.06%
2019,18,https://i.img16888.com/carlogo75/57823.gif,中国,奇瑞,438923,2.04%
2019,19,https://i.img16888.com/carlogo75/57563.gif,中国,广汽传祺,369759,1.72%
2019,20,https://i.img16888.com/carlogo75/57838.gif,韩国,起亚,291176,1.36%
2019,21,https://i.img16888.com/carlogo75/57954.gif,捷克,斯柯达,275832,1.28%
2019,22,https://i.img16888.com/carlogo75/57765.gif,中国,名爵,236149,1.1%
2019,23,https://i.img16888.com/carlogo75/57534.gif,美国,福特,233837,1.09%
2019,24,https://i.img16888.com/carlogo75/57772.gif,日本,马自达,224204,1.04%
2019,25,https://i.img16888.com/carlogo75/57651.gif,美国,凯迪拉克,217766,1.01%
2019,26,https://i.img16888.com/carlogo75/127364.gif,中国,东风风光,181923,0.85%
2019,27,https://i.img16888.com/carlogo75/57979.gif,瑞典,沃尔沃,142631,0.66%
2019,28,https://i.img16888.com/carlogo75/127954.gif,中国,捷途,139025,0.65%
2019,29,https://i.img16888.com/carlogo75/57620.gif,中国,江汽集团,137603,0.64%
2019,30,https://i.img16888.com/carlogo75/57909.gif,日本,三菱,132088,0.62%
2019,31,https://i.img16888.com/carlogo75/126169.gif,中国,北京汽车,131284,0.61%
2019,32,https://i.img16888.com/carlogo75/127597.gif,中国,领克,128063,0.6%
2019,33,https://i.img16888.com/carlogo75/126810.gif,中国,北汽新能源,122889,0.57%
2019,34,https://i.img16888.com/carlogo75/126073.gif,中国,启辰,120168,0.56%
2019,35,https://i.img16888.com/carlogo75/58085.gif,中国,众泰,116398,0.54%
2019,36,https://i.img16888.com/carlogo75/126388.gif,中国,东风风行,116153,0.54%
2019,37,https://i.img16888.com/carlogo75/57301.gif,中国,奔腾,114861,0.54%
2019,38,https://i.img16888.com/carlogo75/126292.gif,中国,长安欧尚,108766,0.51%
2019,39,https://i.img16888.com/carlogo75/127628.gif,中国,魏牌,99984,0.47%
2019,40,https://i.img16888.com/carlogo75/57636.gif,中国,金杯,98709,0.46%
2019,41,https://i.img16888.com/carlogo75/57584.gif,中国,红旗,95258,0.44%
2019,42,https://i.img16888.com/carlogo75/57612.gif,美国,Jeep,73780,0.34%
2019,43,https://i.img16888.com/carlogo75/57338.gif,法国,标致,59588,0.28%
2019,44,https://i.img16888.com/carlogo75/126162.gif,中国,上汽大通MAXUS,59251,0.28%
2019,45,https://i.img16888.com/carlogo75/57474.gif,中国,东风风神,58591,0.27%
2019,46,https://i.img16888.com/carlogo75/127130.gif,德国,宝沃,54528,0.25%
2019,47,https://i.img16888.com/carlogo75/127717.gif,中国,SWM斯威汽车,54235,0.25%
2019,48,https://i.img16888.com/carlogo75/126546.gif,中国,北汽幻速,52501,0.24%
2019,49,https://i.img16888.com/carlogo75/58044.gif,法国,雪铁龙,50278,0.23%
2019,50,https://i.img16888.com/carlogo75/127635.gif,中国,比速汽车,49928,0.23%
2019,51,https://i.img16888.com/carlogo75/57384.gif,中国,长城,41971,0.2%
2019,52,https://i.img16888.com/carlogo75/126335.gif,中国,东风小康,40203,0.19%
2019,53,https://i.img16888.com/carlogo75/128306.gif,中国,欧拉,38865,0.18%
2019,54,https://i.img16888.com/carlogo75/127800.gif,中国,君马汽车,36375,0.17%
2019,55,https://i.img16888.com/carlogo75/128138.gif,中国,广汽埃安,35744,0.17%
2019,56,https://i.img16888.com/carlogo75/58067.gif,日本,英菲尼迪,35035,0.16%
2019,57,https://i.img16888.com/carlogo75/57756.gif,英国,路虎,33839,0.16%
2019,58,https://i.img16888.com/carlogo75/57594.gif,中国,华泰,33413,0.16%
2019,59,https://i.img16888.com/carlogo75/57272.gif,中国,北京,28776,0.13%
2019,60,https://i.img16888.com/carlogo75/57733.gif,日本,铃木,25655,0.12%
2019,61,https://i.img16888.com/carlogo75/57477.gif,中国,东南,25408,0.12%
2019,62,https://i.img16888.com/carlogo75/58074.gif,中国,中华,25119,0.12%
2019,63,https://i.img16888.com/carlogo75/126157.gif,中国,观致,22154,0.1%
2019,64,https://i.img16888.com/carlogo75/126372.gif,中国,蔚来,20139,0.09%
2019,65,https://i.img16888.com/carlogo75/126778.gif,中国,凯翼,20040,0.09%
2019,66,https://i.img16888.com/carlogo75/57631.gif,英国,捷豹,19922,0.09%
2019,67,https://i.img16888.com/carlogo75/57396.gif,中国,猎豹汽车,19429,0.09%
2019,68,https://i.img16888.com/carlogo75/57699.gif,法国,雷诺,18607,0.09%
2019,69,https://i.img16888.com/carlogo75/127959.gif,中国,小鹏汽车,16609,0.08%
2019,70,https://i.img16888.com/carlogo75/128414.gif,中国,星途,15994,0.07%
2019,71,https://i.img16888.com/carlogo75/57375.gif,中国,北汽昌河,15697,0.07%
2019,72,https://i.img16888.com/carlogo75/57552.gif,中国,福田,13791,0.06%
2019,73,https://i.img16888.com/carlogo75/57802.gif,日本,讴歌,13733,0.06%
2019,74,https://i.img16888.com/carlogo75/57645.gif,中国,开瑞,13723,0.06%
2019,75,https://i.img16888.com/carlogo75/128463.gif,中国,吉利几何,12662,0.06%
2019,76,https://i.img16888.com/carlogo75/128201.gif,中国,欧尚汽车,12484,0.06%
2019,77,https://i.img16888.com/carlogo75/57571.gif,中国,海马,11421,0.05%
2019,78,https://i.img16888.com/carlogo75/57464.gif,中国,东风,10178,0.05%
2019,79,https://i.img16888.com/carlogo75/126518.gif,中国,中国重汽,10003,0.05%
2019,80,https://i.img16888.com/carlogo75/128310.gif,中国,长安凯程,8716,0.04%
2019,81,https://i.img16888.com/carlogo75/58064.gif,中国,一汽,7511,0.03%
2019,82,https://i.img16888.com/carlogo75/128221.gif,中国,大乘汽车,6889,0.03%
2019,83,https://i.img16888.com/carlogo75/126179.gif,中国,北汽威旺,5728,0.03%
2019,84,https://i.img16888.com/carlogo75/57710.gif,中国,力帆汽车,4129,0.02%
2019,85,https://i.img16888.com/carlogo75/128651.gif,中国,思皓,3875,0.02%
2019,86,https://i.img16888.com/carlogo75/124944.gif,中国,江铃,3445,0.02%
2019,87,https://i.img16888.com/carlogo75/128342.gif,中国,江铃集团新能源,3279,0.02%
2019,88,https://i.img16888.com/carlogo75/127385.gif,中国,汉腾汽车,2689,0.01%
2019,89,https://i.img16888.com/carlogo75/127863.gif,中国,云度,2566,0.01%
2019,90,https://i.img16888.com/carlogo75/126528.gif,中国,福汽启腾,2368,0.01%
2019,91,https://i.img16888.com/carlogo75/128177.gif,中国,新特汽车,2192,0.01%
2019,92,https://i.img16888.com/carlogo75/126360.gif,中国,腾势,2089,0.01%
2019,93,https://i.img16888.com/carlogo75/126042.gif,法国,DS,2059,0.01%
2019,94,https://i.img16888.com/carlogo75/126283.gif,中国,北汽制造,2044,0.01%
2019,95,https://i.img16888.com/carlogo75/128694.gif,中国,广汽集团,2043,0.01%
2019,96,https://i.img16888.com/carlogo75/128391.gif,中国,福田乘用车,1852,0.01%
2019,97,https://i.img16888.com/carlogo75/126663.gif,日本,五十铃,1678,0.01%
2019,98,https://i.img16888.com/carlogo75/124659.gif,中国,理念,1316,0.01%
2019,99,https://i.img16888.com/carlogo75/126759.gif,中国,华颂,1184,0.01%
2019,100,https://i.img16888.com/carlogo75/57749.gif,中国,陆风,900,-
2019,101,https://i.img16888.com/carlogo75/57404.gif,中国,野马汽车,900,-
2019,102,https://i.img16888.com/carlogo75/125802.gif,中国,纳智捷,718,-
2019,103,https://i.img16888.com/carlogo75/127041.gif,中国,知豆,591,-
2019,104,https://i.img16888.com/carlogo75/128514.gif,中国,思铭,565,-
2019,105,https://i.img16888.com/carlogo75/126332.gif,中国,福迪,543,-
2019,106,https://i.img16888.com/carlogo75/126500.gif,中国,东风风度,463,-
2019,107,https://i.img16888.com/carlogo75/57490.gif,意大利,菲亚特,25,-
2020,1,https://i.img16888.com/carlogo75/57411.gif,德国,大众,2619839,13.23%
2020,2,https://i.img16888.com/carlogo75/57305.gif,日本,本田,1635928,8.26%
2020,3,https://i.img16888.com/carlogo75/57500.gif,日本,丰田,1532840,7.74%
2020,4,https://i.img16888.com/carlogo75/57604.gif,中国,吉利汽车,1123425,5.67%
2020,5,https://i.img16888.com/carlogo75/57864.gif,日本,日产,1103634,5.57%
2020,6,https://i.img16888.com/carlogo75/57354.gif,美国,别克,920873,4.65%
2020,7,https://i.img16888.com/carlogo75/57378.gif,中国,长安,792836,4%
2020,8,https://i.img16888.com/carlogo75/126026.gif,中国,哈弗,750450,3.79%
2020,9,https://i.img16888.com/carlogo75/125976.gif,中国,五菱汽车,669187,3.38%
2020,10,https://i.img16888.com/carlogo75/57229.gif,德国,奥迪,638308,3.22%
2020,11,https://i.img16888.com/carlogo75/57279.gif,德国,奔驰,619050,3.13%
2020,12,https://i.img16888.com/carlogo75/57248.gif,德国,宝马,609161,3.08%
2020,13,https://i.img16888.com/carlogo75/57823.gif,中国,奇瑞,449493,2.27%
2020,14,https://i.img16888.com/carlogo75/57891.gif,中国,荣威,435550,2.2%
2020,15,https://i.img16888.com/carlogo75/58001.gif,韩国,现代,433848,2.19%
2020,16,https://i.img16888.com/carlogo75/57328.gif,中国,比亚迪,404279,2.04%
2020,17,https://i.img16888.com/carlogo75/58024.gif,美国,雪佛兰,309155,1.56%
2020,18,https://i.img16888.com/carlogo75/57563.gif,中国,广汽传祺,300681,1.52%
2020,19,https://i.img16888.com/carlogo75/125808.gif,中国,宝骏,287308,1.45%
2020,20,https://i.img16888.com/carlogo75/57534.gif,美国,福特,255318,1.29%
2020,21,https://i.img16888.com/carlogo75/57838.gif,韩国,起亚,252516,1.27%
2020,22,https://i.img16888.com/carlogo75/57765.gif,中国,名爵,243173,1.23%
2020,23,https://i.img16888.com/carlogo75/57651.gif,美国,凯迪拉克,225927,1.14%
2020,24,https://i.img16888.com/carlogo75/57772.gif,日本,马自达,222976,1.13%
2020,25,https://i.img16888.com/carlogo75/57584.gif,中国,红旗,196182,0.99%
2020,26,https://i.img16888.com/carlogo75/127597.gif,中国,领克,173809,0.88%
2020,27,https://i.img16888.com/carlogo75/57979.gif,瑞典,沃尔沃,156089,0.79%
2020,28,https://i.img16888.com/carlogo75/128465.gif,德国,捷达,142954,0.72%
2020,29,https://i.img16888.com/carlogo75/126292.gif,中国,长安欧尚,141524,0.71%
2020,30,https://i.img16888.com/carlogo75/57954.gif,捷克,斯柯达,141033,0.71%
2020,31,https://i.img16888.com/carlogo75/127954.gif,中国,捷途,130683,0.66%
2020,32,https://i.img16888.com/carlogo75/128741.gif,中国,新宝骏,122326,0.62%
2020,33,https://i.img16888.com/carlogo75/127364.gif,中国,东风风光,109819,0.55%
2020,34,https://i.img16888.com/carlogo75/57620.gif,中国,江汽集团,98230,0.5%
2020,35,https://i.img16888.com/carlogo75/126388.gif,中国,东风风行,96340,0.49%
2020,36,https://i.img16888.com/carlogo75/126073.gif,中国,启辰,80441,0.41%
2020,37,https://i.img16888.com/carlogo75/57636.gif,中国,金杯,80427,0.41%
2020,38,https://i.img16888.com/carlogo75/57301.gif,中国,奔腾,80138,0.4%
2020,39,https://i.img16888.com/carlogo75/57909.gif,日本,三菱,75399,0.38%
2020,40,https://i.img16888.com/carlogo75/127628.gif,中国,魏牌,67590,0.34%
2020,41,https://i.img16888.com/carlogo75/126169.gif,中国,北京汽车,60286,0.3%
2020,42,https://i.img16888.com/carlogo75/127717.gif,中国,SWM斯威汽车,53531,0.27%
2020,43,https://i.img16888.com/carlogo75/58067.gif,日本,英菲尼迪,51283,0.26%
2020,44,https://i.img16888.com/carlogo75/128138.gif,中国,广汽埃安,49517,0.25%
2020,45,https://i.img16888.com/carlogo75/128306.gif,中国,欧拉,48160,0.24%
2020,46,https://i.img16888.com/carlogo75/126162.gif,中国,上汽大通MAXUS,48157,0.24%
2020,47,https://i.img16888.com/carlogo75/57756.gif,英国,路虎,45516,0.23%
2020,48,https://i.img16888.com/carlogo75/126372.gif,中国,蔚来,44493,0.22%
2020,49,https://i.img16888.com/carlogo75/57474.gif,中国,东风风神,42115,0.21%
2020,50,https://i.img16888.com/carlogo75/126335.gif,中国,东风小康,40622,0.21%
2020,51,https://i.img16888.com/carlogo75/57612.gif,美国,Jeep,40607,0.2%
2020,52,https://i.img16888.com/carlogo75/127635.gif,中国,比速汽车,31582,0.16%
2020,53,https://i.img16888.com/carlogo75/126778.gif,中国,凯翼,29493,0.15%
2020,54,https://i.img16888.com/carlogo75/57338.gif,法国,标致,28554,0.14%
2020,55,https://i.img16888.com/carlogo75/57272.gif,中国,北京,25134,0.13%
2020,101,https://i.img16888.com/carlogo75/128195.gif,中国,大运汽车,1351,0.01%
2020,102,https://i.img16888.com/carlogo75/128556.gif,中国,国机智骏,1153,0.01%
2020,103,https://i.img16888.com/carlogo75/124944.gif,中国,江铃,1128,0.01%
2020,104,https://i.img16888.com/carlogo75/128430.gif,中国,SERES赛力斯,1051,0.01%
2020,105,https://i.img16888.com/carlogo75/128283.gif,中国,爱驰,881,-
2020,106,https://i.img16888.com/carlogo75/128893.gif,中国,凌宝汽车,829,-
2020,107,https://i.img16888.com/carlogo75/128931.gif,中国,睿蓝汽车,727,-
2020,108,https://i.img16888.com/carlogo75/128793.gif,中国,合创,659,-
2020,109,https://i.img16888.com/carlogo75/126042.gif,法国,DS,435,-
2020,110,https://i.img16888.com/carlogo75/57710.gif,中国,力帆汽车,425,-
2020,111,https://i.img16888.com/carlogo75/126179.gif,中国,北汽威旺,400,-
2020,112,https://i.img16888.com/carlogo75/128710.gif,中国,云雀汽车,398,-
2020,113,https://i.img16888.com/carlogo75/126500.gif,中国,东风风度,83,-
2020,114,https://i.img16888.com/carlogo75/126332.gif,中国,福迪,68,-
2020,115,https://i.img16888.com/carlogo75/126837.gif,中国,雷丁,29,-
2020,116,https://i.img16888.com/carlogo75/128177.gif,中国,新特汽车,22,-
2020,117,https://i.img16888.com/carlogo75/125802.gif,中国,纳智捷,14,-
2021,1,https://i.img16888.com/carlogo75/57411.gif,德国,大众,2168688,10.28%
2021,2,https://i.img16888.com/carlogo75/57500.gif,日本,丰田,1643435,7.79%
2021,3,https://i.img16888.com/carlogo75/57305.gif,日本,本田,1518410,7.2%
2021,4,https://i.img16888.com/carlogo75/57604.gif,中国,吉利汽车,1073847,5.09%
2021,5,https://i.img16888.com/carlogo75/125976.gif,中国,五菱汽车,1039656,4.93%
2021,6,https://i.img16888.com/carlogo75/57864.gif,日本,日产,967980,4.59%
2021,7,https://i.img16888.com/carlogo75/57378.gif,中国,长安,934900,4.43%
2021,8,https://i.img16888.com/carlogo75/57354.gif,美国,别克,828640,3.93%
2021,9,https://i.img16888.com/carlogo75/126026.gif,中国,哈弗,779099,3.69%
2021,10,https://i.img16888.com/carlogo75/57328.gif,中国,比亚迪,725311,3.44%
2021,11,https://i.img16888.com/carlogo75/57248.gif,德国,宝马,673608,3.19%
2021,12,https://i.img16888.com/carlogo75/57823.gif,中国,奇瑞,647107,3.07%
2021,13,https://i.img16888.com/carlogo75/57229.gif,德国,奥迪,630550,2.99%
2021,14,https://i.img16888.com/carlogo75/57279.gif,德国,奔驰,598204,2.83%
2021,15,https://i.img16888.com/carlogo75/57765.gif,中国,名爵,400194,1.9%
2021,16,https://i.img16888.com/carlogo75/57891.gif,中国,荣威,375954,1.78%
2021,17,https://i.img16888.com/carlogo75/58001.gif,韩国,现代,365149,1.73%
2021,18,https://i.img16888.com/carlogo75/126359.gif,美国,特斯拉,326566,1.55%
2021,19,https://i.img16888.com/carlogo75/57563.gif,中国,广汽传祺,324201,1.54%
2021,20,https://i.img16888.com/carlogo75/57584.gif,中国,红旗,299747,1.42%
2021,21,https://i.img16888.com/carlogo75/57534.gif,美国,福特,274148,1.3%
2021,22,https://i.img16888.com/carlogo75/58024.gif,美国,雪佛兰,269261,1.28%
2021,23,https://i.img16888.com/carlogo75/126292.gif,中国,长安欧尚,266306,1.26%
2021,24,https://i.img16888.com/carlogo75/57651.gif,美国,凯迪拉克,233120,1.1%
2021,25,https://i.img16888.com/carlogo75/127597.gif,中国,领克,221718,1.05%
2021,26,https://i.img16888.com/carlogo75/128465.gif,德国,捷达,178100,0.84%
2021,27,https://i.img16888.com/carlogo75/57979.gif,瑞典,沃尔沃,172460,0.82%
2021,28,https://i.img16888.com/carlogo75/57772.gif,日本,马自达,164415,0.78%
2021,29,https://i.img16888.com/carlogo75/57838.gif,韩国,起亚,163383,0.77%
2021,30,https://i.img16888.com/carlogo75/127954.gif,中国,捷途,154077,0.73%
2021,31,https://i.img16888.com/carlogo75/125808.gif,中国,宝骏,124427,0.59%
2021,32,https://i.img16888.com/carlogo75/127364.gif,中国,东风风光,123505,0.59%
2021,33,https://i.img16888.com/carlogo75/126388.gif,中国,东风风行,122261,0.58%
2021,34,https://i.img16888.com/carlogo75/128651.gif,中国,思皓,116581,0.55%
2021,35,https://i.img16888.com/carlogo75/127628.gif,中国,魏牌,114867,0.54%
2021,36,https://i.img16888.com/carlogo75/128306.gif,中国,欧拉,104345,0.49%
2021,37,https://i.img16888.com/carlogo75/128138.gif,中国,广汽埃安,100551,0.48%
2021,38,https://i.img16888.com/carlogo75/127959.gif,中国,小鹏汽车,97892,0.46%
2021,39,https://i.img16888.com/carlogo75/57636.gif,中国,金杯,95117,0.45%
2021,40,https://i.img16888.com/carlogo75/57474.gif,中国,东风风神,94387,0.45%
2021,41,https://i.img16888.com/carlogo75/126372.gif,中国,蔚来,92871,0.44%
2021,42,https://i.img16888.com/carlogo75/57301.gif,中国,奔腾,92820,0.44%
2021,43,https://i.img16888.com/carlogo75/126073.gif,中国,启辰,81073,0.38%
2021,44,https://i.img16888.com/carlogo75/128434.gif,中国,理想,77912,0.37%
2021,45,https://i.img16888.com/carlogo75/128139.gif,中国,哪吒汽车,69674,0.33%
2021,46,https://i.img16888.com/carlogo75/57909.gif,日本,三菱,66976,0.32%
2021,47,https://i.img16888.com/carlogo75/126169.gif,中国,北京汽车,66356,0.31%
2021,48,https://i.img16888.com/carlogo75/57725.gif,美国,林肯,65515,0.31%
2021,49,https://i.img16888.com/carlogo75/126162.gif,中国,上汽大通MAXUS,55896,0.26%
2021,51,https://i.img16888.com/carlogo75/57954.gif,捷克,斯柯达,52250,0.25%
2021,52,https://i.img16888.com/carlogo75/57338.gif,法国,标致,50488,0.24%
2021,53,https://i.img16888.com/carlogo75/57756.gif,英国,路虎,48840,0.23%
2021,54,https://i.img16888.com/carlogo75/58044.gif,法国,雪铁龙,46741,0.22%
2021,55,https://i.img16888.com/carlogo75/128161.gif,中国,零跑汽车,43800,0.21%
2021,56,https://i.img16888.com/carlogo75/128741.gif,中国,新宝骏,43056,0.2%
2021,57,https://i.img16888.com/carlogo75/57620.gif,中国,江汽集团,42949,0.2%
2021,58,https://i.img16888.com/carlogo75/128027.gif,中国,威马汽车,41068,0.19%
2021,59,https://i.img16888.com/carlogo75/58067.gif,日本,英菲尼迪,40347,0.19%
2021,60,https://i.img16888.com/carlogo75/127717.gif,中国,SWM斯威汽车,36125,0.17%
2021,61,https://i.img16888.com/carlogo75/126335.gif,中国,东风小康,32530,0.15%
2021,62,https://i.img16888.com/carlogo75/57272.gif,中国,北京,29592,0.14%
2021,63,https://i.img16888.com/carlogo75/128463.gif,中国,吉利几何,29101,0.14%
2021,64,https://i.img16888.com/carlogo75/129278.gif,中国,坦克,22066,0.1%
2021,65,https://i.img16888.com/carlogo75/57612.gif,美国,Jeep,20123,0.1%
2021,66,https://i.img16888.com/carlogo75/126778.gif,中国,凯翼,19641,0.09%
2021,67,https://i.img16888.com/carlogo75/57571.gif,中国,海马,19082,0.09%
2021,68,https://i.img16888.com/carlogo75/126837.gif,中国,雷丁,17279,0.08%
2021,69,https://i.img16888.com/carlogo75/128893.gif,中国,凌宝汽车,15259,0.07%
2021,70,https://i.img16888.com/carlogo75/57464.gif,中国,东风,13900,0.07%
2021,71,https://i.img16888.com/carlogo75/128414.gif,中国,星途,13114,0.06%
2021,72,https://i.img16888.com/carlogo75/57631.gif,英国,捷豹,12642,0.06%
2021,73,https://i.img16888.com/carlogo75/57733.gif,日本,铃木,10468,0.05%
2021,74,https://i.img16888.com/carlogo75/57802.gif,日本,讴歌,10431,0.05%
2021,75,https://i.img16888.com/carlogo75/129035.gif,中国,飞凡汽车,9898,0.05%
2021,76,https://i.img16888.com/carlogo75/127635.gif,中国,比速汽车,9179,0.04%
2021,77,https://i.img16888.com/carlogo75/126528.gif,中国,福汽启腾,8403,0.04%
2021,78,https://i.img16888.com/carlogo75/128430.gif,中国,SERES赛力斯,8165,0.04%
2021,79,https://i.img16888.com/carlogo75/126518.gif,中国,中国重汽,7575,0.04%
2021,80,https://i.img16888.com/carlogo75/57477.gif,中国,东南,7201,0.03%
2021,81,https://i.img16888.com/carlogo75/129115.gif,中国,岚图汽车,6791,0.03%
2021,82,https://i.img16888.com/carlogo75/128931.gif,中国,睿蓝汽车,6700,0.03%
2021,83,https://i.img16888.com/carlogo75/57552.gif,中国,福田,5940,0.03%
2021,84,https://i.img16888.com/carlogo75/129128.gif,中国,极氪,5808,0.03%
2021,85,https://i.img16888.com/carlogo75/127863.gif,中国,云度,5361,0.03%
2021,86,https://i.img16888.com/carlogo75/128514.gif,中国,思铭,4815,0.02%
2021,87,https://i.img16888.com/carlogo75/126360.gif,中国,腾势,4783,0.02%
2021,88,https://i.img16888.com/carlogo75/57396.gif,中国,猎豹汽车,4158,0.02%
2021,89,https://i.img16888.com/carlogo75/128947.gif,中国,创维汽车,4088,0.02%
2021,90,https://i.img16888.com/carlogo75/128342.gif,中国,江铃集团新能源,3840,0.02%
2021,91,https://i.img16888.com/carlogo75/126157.gif,中国,观致,3732,0.02%
2021,92,https://i.img16888.com/carlogo75/127130.gif,德国,宝沃,3612,0.02%
2021,93,https://i.img16888.com/carlogo75/128391.gif,中国,福田乘用车,3307,0.02%
2021,94,https://i.img16888.com/carlogo75/57710.gif,中国,力帆汽车,3278,0.02%
2021,95,https://i.img16888.com/carlogo75/126283.gif,中国,北汽制造,3057,0.01%
2021,96,https://i.img16888.com/carlogo75/58085.gif,中国,众泰,2943,0.01%
2021,97,https://i.img16888.com/carlogo75/128793.gif,中国,合创,2902,0.01%
2021,98,https://i.img16888.com/carlogo75/57645.gif,中国,开瑞,2826,0.01%
2021,99,https://i.img16888.com/carlogo75/128283.gif,中国,爱驰,2698,0.01%
2021,100,https://i.img16888.com/carlogo75/128201.gif,中国,欧尚汽车,2581,0.01%
2021,101,https://i.img16888.com/carlogo75/124659.gif,中国,理念,2513,0.01%
2021,102,https://i.img16888.com/carlogo75/128128.gif,中国,ARCFOX极狐,2490,0.01%
2021,103,https://i.img16888.com/carlogo75/128556.gif,中国,国机智骏,2333,0.01%
2021,104,https://i.img16888.com/carlogo75/128195.gif,中国,大运汽车,2328,0.01%
2021,105,https://i.img16888.com/carlogo75/128694.gif,中国,广汽集团,2081,0.01%
2021,106,https://i.img16888.com/carlogo75/57375.gif,中国,北汽昌河,2045,0.01%
2021,107,https://i.img16888.com/carlogo75/126042.gif,法国,DS,1936,0.01%
2021,108,https://i.img16888.com/carlogo75/57404.gif,中国,野马汽车,1637,0.01%
2021,109,https://i.img16888.com/carlogo75/129366.gif,中国,小虎,1368,0.01%
2021,110,https://i.img16888.com/carlogo75/126663.gif,日本,五十铃,1220,0.01%
2021,111,https://i.img16888.com/carlogo75/129212.gif,中国,华晨新日,816,-
2021,112,https://i.img16888.com/carlogo75/128098.gif,中国,瑞驰新能源,815,-
2021,113,https://i.img16888.com/carlogo75/126179.gif,中国,北汽威旺,800,-
2021,114,https://i.img16888.com/carlogo75/124944.gif,中国,江铃,642,-
2021,115,https://i.img16888.com/carlogo75/126810.gif,中国,北汽新能源,442,-
2021,116,https://i.img16888.com/carlogo75/128177.gif,中国,新特汽车,268,-
2021,117,https://i.img16888.com/carlogo75/127697.gif,中国,驭胜,225,-
2021,118,https://i.img16888.com/carlogo75/57601.gif,中国,广汽吉奥,150,-
2021,119,https://i.img16888.com/carlogo75/128710.gif,中国,云雀汽车,145,-
2021,120,https://i.img16888.com/carlogo75/57929.gif,荷兰,世爵,121,-
2021,121,https://i.img16888.com/carlogo75/128310.gif,中国,长安凯程,86,-
2021,122,https://i.img16888.com/carlogo75/57699.gif,法国,雷诺,83,-
2021,123,https://i.img16888.com/carlogo75/126546.gif,中国,北汽幻速,23,-
2021,124,https://i.img16888.com/carlogo75/57749.gif,中国,陆风,2,-
2022,1,https://i.img16888.com/carlogo75/57411.gif,德国,大众,2360707,10.22%
2022,2,https://i.img16888.com/carlogo75/57500.gif,日本,丰田,1878183,8.13%
2022,3,https://i.img16888.com/carlogo75/57328.gif,中国,比亚迪,1843553,7.98%
2022,4,https://i.img16888.com/carlogo75/57305.gif,日本,本田,1411391,6.11%
2022,5,https://i.img16888.com/carlogo75/125976.gif,中国,五菱汽车,1107535,4.8%
2022,6,https://i.img16888.com/carlogo75/57378.gif,中国,长安,1047577,4.54%
2022,7,https://i.img16888.com/carlogo75/57604.gif,中国,吉利汽车,1017407,4.41%
2022,8,https://i.img16888.com/carlogo75/57823.gif,中国,奇瑞,876583,3.8%
2022,9,https://i.img16888.com/carlogo75/57864.gif,日本,日产,814010,3.53%
2022,10,https://i.img16888.com/carlogo75/126359.gif,美国,特斯拉,710865,3.08%
2022,11,https://i.img16888.com/carlogo75/57354.gif,美国,别克,673377,2.92%
2022,12,https://i.img16888.com/carlogo75/57248.gif,德国,宝马,665047,2.88%
2022,13,https://i.img16888.com/carlogo75/57229.gif,德国,奥迪,623616,2.7%
2022,14,https://i.img16888.com/carlogo75/126026.gif,中国,哈弗,616550,2.67%
2022,15,https://i.img16888.com/carlogo75/57279.gif,德国,奔驰,606287,2.63%
2022,16,https://i.img16888.com/carlogo75/57765.gif,中国,名爵,443223,1.92%
2022,17,https://i.img16888.com/carlogo75/57563.gif,中国,广汽传祺,347835,1.51%
2022,18,https://i.img16888.com/carlogo75/57584.gif,中国,红旗,311091,1.35%
2022,19,https://i.img16888.com/carlogo75/57891.gif,中国,荣威,286018,1.24%
2022,20,https://i.img16888.com/carlogo75/58001.gif,韩国,现代,273378,1.18%
2022,21,https://i.img16888.com/carlogo75/128138.gif,中国,广汽埃安,271156,1.17%
2022,22,https://i.img16888.com/carlogo75/58024.gif,美国,雪佛兰,231111,1%
2022,23,https://i.img16888.com/carlogo75/57534.gif,美国,福特,215668,0.93%
2022,24,https://i.img16888.com/carlogo75/57651.gif,美国,凯迪拉克,215278,0.93%
2022,25,https://i.img16888.com/carlogo75/57474.gif,中国,东风风神,184425,0.8%
2022,26,https://i.img16888.com/carlogo75/127597.gif,中国,领克,180166,0.78%
2022,27,https://i.img16888.com/carlogo75/127954.gif,中国,捷途,180067,0.78%
2022,28,https://i.img16888.com/carlogo75/126292.gif,中国,长安欧尚,174307,0.75%
2022,29,https://i.img16888.com/carlogo75/128139.gif,中国,哪吒汽车,152073,0.66%
2022,30,https://i.img16888.com/carlogo75/128651.gif,中国,思皓,149580,0.65%
2022,31,https://i.img16888.com/carlogo75/128465.gif,德国,捷达,147279,0.64%
2022,32,https://i.img16888.com/carlogo75/57979.gif,瑞典,沃尔沃,146297,0.63%
2022,33,https://i.img16888.com/carlogo75/128434.gif,中国,理想,133246,0.58%
2022,34,https://i.img16888.com/carlogo75/57838.gif,韩国,起亚,129907,0.56%
2022,35,https://i.img16888.com/carlogo75/129278.gif,中国,坦克,123881,0.54%
2022,36,https://i.img16888.com/carlogo75/126372.gif,中国,蔚来,122485,0.53%
2022,37,https://i.img16888.com/carlogo75/126388.gif,中国,东风风行,122300,0.53%
2022,38,https://i.img16888.com/carlogo75/128463.gif,中国,吉利几何,120772,0.52%
2022,39,https://i.img16888.com/carlogo75/127959.gif,中国,小鹏汽车,120757,0.52%
2022,40,https://i.img16888.com/carlogo75/128161.gif,中国,零跑汽车,111168,0.48%
2022,41,https://i.img16888.com/carlogo75/125808.gif,中国,宝骏,105084,0.46%
2022,42,https://i.img16888.com/carlogo75/126073.gif,中国,启辰,100912,0.44%
2022,43,https://i.img16888.com/carlogo75/129431.gif,中国,东风纳米,95260,0.41%
2022,44,https://i.img16888.com/carlogo75/129405.gif,中国,AITO,90217,0.39%
2022,45,https://i.img16888.com/carlogo75/57772.gif,日本,马自达,89785,0.39%
2022,46,https://i.img16888.com/carlogo75/127364.gif,中国,东风风光,84759,0.37%
2022,47,https://i.img16888.com/carlogo75/128306.gif,中国,欧拉,78143,0.34%
2022,48,https://i.img16888.com/carlogo75/57301.gif,中国,奔腾,76530,0.33%
2022,49,https://i.img16888.com/carlogo75/57725.gif,美国,林肯,73093,0.32%
2022,50,https://i.img16888.com/carlogo75/129128.gif,中国,极氪,71941,0.31%
2022,51,https://i.img16888.com/carlogo75/57338.gif,法国,标致,61518,0.27%
2022,52,https://i.img16888.com/carlogo75/128931.gif,中国,睿蓝汽车,60838,0.26%
2022,53,https://i.img16888.com/carlogo75/128414.gif,中国,星途,53441,0.23%
2022,54,https://i.img16888.com/carlogo75/58044.gif,法国,雪铁龙,52439,0.23%
2022,55,https://i.img16888.com/carlogo75/126169.gif,中国,北京汽车,51769,0.22%
2022,56,https://i.img16888.com/carlogo75/126162.gif,中国,上汽大通MAXUS,47209,0.2%
2022,57,https://i.img16888.com/carlogo75/57954.gif,捷克,斯柯达,44770,0.19%
2022,58,https://i.img16888.com/carlogo75/127628.gif,中国,魏牌,36381,0.16%
2022,59,https://i.img16888.com/carlogo75/57909.gif,日本,三菱,36159,0.16%
2022,60,https://i.img16888.com/carlogo75/128741.gif,中国,新宝骏,34816,0.15%
2022,61,https://i.img16888.com/carlogo75/126778.gif,中国,凯翼,34342,0.15%
2022,62,https://i.img16888.com/carlogo75/128893.gif,中国,凌宝汽车,34331,0.15%
2022,63,https://i.img16888.com/carlogo75/129599.gif,中国,深蓝汽车,33492,0.15%
2022,64,https://i.img16888.com/carlogo75/57756.gif,英国,路虎,29957,0.13%
2022,65,https://i.img16888.com/carlogo75/129035.gif,中国,飞凡汽车,29780,0.13%
2022,66,https://i.img16888.com/carlogo75/128027.gif,中国,威马汽车,29467,0.13%
2022,67,https://i.img16888.com/carlogo75/128000.gif,中国,国金汽车,28000,0.12%
2022,68,https://i.img16888.com/carlogo75/57272.gif,中国,北京,25689,0.11%
2022,69,https://i.img16888.com/carlogo75/127717.gif,中国,SWM斯威汽车,22756,0.1%
2022,70,https://i.img16888.com/carlogo75/57631.gif,英国,捷豹,20780,0.09%
2022,71,https://i.img16888.com/carlogo75/126837.gif,中国,雷丁,20556,0.09%
2022,72,https://i.img16888.com/carlogo75/129115.gif,中国,岚图汽车,19873,0.09%
2022,73,https://i.img16888.com/carlogo75/128793.gif,中国,合创,19621,0.08%
2022,74,https://i.img16888.com/carlogo75/128195.gif,中国,大运汽车,18960,0.08%
2022,75,https://i.img16888.com/carlogo75/128947.gif,中国,创维汽车,16417,0.07%
2022,76,https://i.img16888.com/carlogo75/57620.gif,中国,江汽集团,14062,0.06%
2022,77,https://i.img16888.com/carlogo75/57477.gif,中国,东南,13406,0.06%
2022,78,https://i.img16888.com/carlogo75/126909.gif,中国,御捷新能源,12464,0.05%
2022,79,https://i.img16888.com/carlogo75/128310.gif,中国,长安凯程,12091,0.05%
2022,80,https://i.img16888.com/carlogo75/57404.gif,中国,野马汽车,11878,0.05%
2022,81,https://i.img16888.com/carlogo75/128772.gif,中国,SRM鑫源,10730,0.05%
2022,82,https://i.img16888.com/carlogo75/128260.gif,中国,东风富康,10699,0.05%
2022,83,https://i.img16888.com/carlogo75/128514.gif,中国,思铭,10023,0.04%
2022,84,https://i.img16888.com/carlogo75/126360.gif,中国,腾势,9978,0.04%
2022,85,https://i.img16888.com/carlogo75/128128.gif,中国,ARCFOX极狐,9829,0.04%
2022,86,https://i.img16888.com/carlogo75/126283.gif,中国,北汽制造,9759,0.04%
2022,87,https://i.img16888.com/carlogo75/128342.gif,中国,江铃集团新能源,9452,0.04%
2022,88,https://i.img16888.com/carlogo75/126518.gif,中国,中国重汽,7219,0.03%
2022,89,https://i.img16888.com/carlogo75/129212.gif,中国,华晨新日,6512,0.03%
2022,90,https://i.img16888.com/carlogo75/57571.gif,中国,海马,6333,0.03%
2022,91,https://i.img16888.com/carlogo75/129260.gif,中国,电动屋,6019,0.03%
2022,92,https://i.img16888.com/carlogo75/129455.gif,中国,百智新能源,5656,0.02%
2022,93,https://i.img16888.com/carlogo75/129366.gif,中国,小虎,5157,0.02%
2022,94,https://i.img16888.com/carlogo75/57645.gif,中国,开瑞,5032,0.02%
2022,95,https://i.img16888.com/carlogo75/57639.gif,德国,smart,4794,0.02%
2022,96,https://i.img16888.com/carlogo75/128283.gif,中国,爱驰,4626,0.02%
2022,97,https://i.img16888.com/carlogo75/129158.gif,中国,智己汽车,4576,0.02%
2022,98,https://i.img16888.com/carlogo75/58067.gif,日本,英菲尼迪,4377,0.02%
2022,99,https://i.img16888.com/carlogo75/128452.gif,中国,天际汽车,3128,0.01%
2022,100,https://i.img16888.com/carlogo75/126042.gif,法国,DS,2683,0.01%
2022,101,https://i.img16888.com/carlogo75/128694.gif,中国,广汽集团,2567,0.01%
2022,102,https://i.img16888.com/carlogo75/128710.gif,中国,云雀汽车,2015,0.01%
2022,103,https://i.img16888.com/carlogo75/57612.gif,美国,Jeep,1857,0.01%
2022,104,https://i.img16888.com/carlogo75/57802.gif,日本,讴歌,1675,0.01%
2022,105,https://i.img16888.com/carlogo75/124659.gif,中国,理念,1503,0.01%
2022,106,https://i.img16888.com/carlogo75/129624.gif,中国,阿维塔,757,-
2022,107,https://i.img16888.com/carlogo75/126528.gif,中国,福汽启腾,653,-
2022,108,https://i.img16888.com/carlogo75/127863.gif,中国,云度,516,-
2023,1,https://i.img16888.com/carlogo75/57328.gif,中国,比亚迪,2568956,11.84%
2023,2,https://i.img16888.com/carlogo75/57411.gif,德国,大众,2228213,10.27%
2023,3,https://i.img16888.com/carlogo75/57500.gif,日本,丰田,1702496,7.85%
2023,4,https://i.img16888.com/carlogo75/57305.gif,日本,本田,1201618,5.54%
2023,5,https://i.img16888.com/carlogo75/57378.gif,中国,长安,969379,4.47%
2023,6,https://i.img16888.com/carlogo75/57604.gif,中国,吉利汽车,914752,4.22%
2023,7,https://i.img16888.com/carlogo75/125976.gif,中国,五菱汽车,771117,3.55%
2023,8,https://i.img16888.com/carlogo75/57864.gif,日本,日产,673539,3.1%
2023,9,https://i.img16888.com/carlogo75/57229.gif,德国,奥迪,664607,3.06%
2023,10,https://i.img16888.com/carlogo75/57248.gif,德国,宝马,646152,2.98%
2023,11,https://i.img16888.com/carlogo75/57279.gif,德国,奔驰,620099,2.86%
2023,12,https://i.img16888.com/carlogo75/126359.gif,美国,特斯拉,603664,2.78%
2023,13,https://i.img16888.com/carlogo75/57354.gif,美国,别克,516733,2.38%
2023,14,https://i.img16888.com/carlogo75/57823.gif,中国,奇瑞,498491,2.3%
2023,15,https://i.img16888.com/carlogo75/126026.gif,中国,哈弗,493642,2.28%
2023,16,https://i.img16888.com/carlogo75/128138.gif,中国,广汽埃安,480366,2.21%
2023,17,https://i.img16888.com/carlogo75/57584.gif,中国,红旗,378706,1.75%
2023,18,https://i.img16888.com/carlogo75/128434.gif,中国,理想,371923,1.71%
2023,19,https://i.img16888.com/carlogo75/57563.gif,中国,广汽传祺,355068,1.64%
2023,20,https://i.img16888.com/carlogo75/58001.gif,韩国,现代,240792,1.11%
2023,21,https://i.img16888.com/carlogo75/126292.gif,中国,长安欧尚,229449,1.06%
2023,22,https://i.img16888.com/carlogo75/127597.gif,中国,领克,205766,0.95%
2023,23,https://i.img16888.com/carlogo75/127954.gif,中国,捷途,203305,0.94%
2023,24,https://i.img16888.com/carlogo75/57651.gif,美国,凯迪拉克,183577,0.85%
2023,25,https://i.img16888.com/carlogo75/57534.gif,美国,福特,182448,0.84%
2023,26,https://i.img16888.com/carlogo75/58024.gif,美国,雪佛兰,168588,0.78%
2023,27,https://i.img16888.com/carlogo75/128465.gif,德国,捷达,166552,0.77%
2023,28,https://i.img16888.com/carlogo75/126372.gif,中国,蔚来,159888,0.74%
2023,29,https://i.img16888.com/carlogo75/57979.gif,瑞典,沃尔沃,147174,0.68%
2023,30,https://i.img16888.com/carlogo75/57891.gif,中国,荣威,145437,0.67%
2023,31,https://i.img16888.com/carlogo75/128161.gif,中国,零跑汽车,144155,0.66%
2023,32,https://i.img16888.com/carlogo75/127959.gif,中国,小鹏汽车,140900,0.65%
2023,33,https://i.img16888.com/carlogo75/129278.gif,中国,坦克,137425,0.63%
2023,34,https://i.img16888.com/carlogo75/126360.gif,中国,腾势,124415,0.57%
2023,35,https://i.img16888.com/carlogo75/129599.gif,中国,深蓝汽车,123968,0.57%
2023,36,https://i.img16888.com/carlogo75/129128.gif,中国,极氪,118685,0.55%
2023,37,https://i.img16888.com/carlogo75/57474.gif,中国,东风风神,114753,0.53%
2023,38,https://i.img16888.com/carlogo75/128139.gif,中国,哪吒汽车,103019,0.47%
2023,39,https://i.img16888.com/carlogo75/129405.gif,中国,AITO,101631,0.47%
2023,40,https://i.img16888.com/carlogo75/57765.gif,中国,名爵,98883,0.46%
2023,41,https://i.img16888.com/carlogo75/57772.gif,日本,马自达,88564,0.41%
2023,42,https://i.img16888.com/carlogo75/128306.gif,中国,欧拉,88016,0.41%
2023,43,https://i.img16888.com/carlogo75/57301.gif,中国,奔腾,85256,0.39%
2023,44,https://i.img16888.com/carlogo75/126169.gif,中国,北京汽车,83815,0.39%
2023,45,https://i.img16888.com/carlogo75/129817.gif,中国,吉利银河,83491,0.38%
2023,46,https://i.img16888.com/carlogo75/57725.gif,美国,林肯,71588,0.33%
2023,47,https://i.img16888.com/carlogo75/57838.gif,韩国,起亚,68258,0.31%
2023,48,https://i.img16888.com/carlogo75/126073.gif,中国,启辰,65310,0.3%
2023,49,https://i.img16888.com/carlogo75/128463.gif,中国,吉利几何,62616,0.29%
2023,50,https://i.img16888.com/carlogo75/128414.gif,中国,星途,58309,0.27%
2023,51,https://i.img16888.com/carlogo75/126388.gif,中国,东风风行,51479,0.24%
2023,52,https://i.img16888.com/carlogo75/128651.gif,中国,思皓,50876,0.23%
2023,53,https://i.img16888.com/carlogo75/129115.gif,中国,岚图汽车,50279,0.23%
2023,54,https://i.img16888.com/carlogo75/57338.gif,法国,标致,44373,0.2%
2023,55,https://i.img16888.com/carlogo75/57639.gif,德国,smart,42292,0.19%
2023,56,https://i.img16888.com/carlogo75/127628.gif,中国,魏牌,41008,0.19%
2023,57,https://i.img16888.com/carlogo75/126778.gif,中国,凯翼,40210,0.19%
2023,58,https://i.img16888.com/carlogo75/129158.gif,中国,智己汽车,38253,0.18%
2023,59,https://i.img16888.com/carlogo75/57272.gif,中国,北京,33119,0.15%
2023,60,https://i.img16888.com/carlogo75/127364.gif,中国,东风风光,32429,0.15%
2023,61,https://i.img16888.com/carlogo75/125808.gif,中国,宝骏,31786,0.15%
2023,62,https://i.img16888.com/carlogo75/126162.gif,中国,上汽大通MAXUS,30523,0.14%
2023,63,https://i.img16888.com/carlogo75/128128.gif,中国,ARCFOX极狐,30016,0.14%
2023,64,https://i.img16888.com/carlogo75/57756.gif,英国,路虎,29295,0.14%
2023,65,https://i.img16888.com/carlogo75/58044.gif,法国,雪铁龙,27115,0.12%
2023,66,https://i.img16888.com/carlogo75/129431.gif,中国,东风纳米,26579,0.12%
2023,67,https://i.img16888.com/carlogo75/127717.gif,中国,SWM斯威汽车,24015,0.11%
2023,68,https://i.img16888.com/carlogo75/129624.gif,中国,阿维塔,23485,0.11%
2023,69,https://i.img16888.com/carlogo75/57954.gif,捷克,斯柯达,22809,0.11%
2023,70,https://i.img16888.com/carlogo75/57631.gif,英国,捷豹,22756,0.1%
2023,71,https://i.img16888.com/carlogo75/128195.gif,中国,大运汽车,22160,0.1%
2023,72,https://i.img16888.com/carlogo75/129035.gif,中国,飞凡汽车,21012,0.1%
2023,73,https://i.img16888.com/carlogo75/130028.gif,中国,江淮汽车,20100,0.09%
2023,74,https://i.img16888.com/carlogo75/128947.gif,中国,创维汽车,18630,0.09%
2023,75,https://i.img16888.com/carlogo75/126283.gif,中国,北汽制造,16676,0.08%
2023,76,https://i.img16888.com/carlogo75/128793.gif,中国,合创,15980,0.07%
2023,77,https://i.img16888.com/carlogo75/129928.gif,中国,长安启源,15684,0.07%
2023,78,https://i.img16888.com/carlogo75/128931.gif,中国,睿蓝汽车,15273,0.07%
2023,79,https://i.img16888.com/carlogo75/128893.gif,中国,凌宝汽车,14601,0.07%
2023,80,https://i.img16888.com/carlogo75/129579.gif,中国,瑞风汽车,14368,0.07%
2023,81,https://i.img16888.com/carlogo75/57620.gif,中国,江汽集团,14200,0.07%
2023,82,https://i.img16888.com/carlogo75/129569.gif,中国,金杯新能源,13414,0.06%
2023,83,https://i.img16888.com/carlogo75/128772.gif,中国,SRM鑫源,13235,0.06%
2023,84,https://i.img16888.com/carlogo75/57909.gif,日本,三菱,11978,0.06%
2023,85,https://i.img16888.com/carlogo75/129864.gif,中国,曹操汽车,11866,0.05%
2023,86,https://i.img16888.com/carlogo75/128310.gif,中国,长安凯程,11717,0.05%
2023,87,https://i.img16888.com/carlogo75/129884.gif,中国,江淮钇为,11383,0.05%
2023,88,https://i.img16888.com/carlogo75/57571.gif,中国,海马,10293,0.05%
2023,89,https://i.img16888.com/carlogo75/129848.gif,中国,蓝电,8927,0.04%
2023,90,https://i.img16888.com/carlogo75/128342.gif,中国,江铃集团新能源,7632,0.04%
2023,91,https://i.img16888.com/carlogo75/128000.gif,中国,国金汽车,7350,0.03%
2023,92,https://i.img16888.com/carlogo75/58067.gif,日本,英菲尼迪,5924,0.03%
2023,93,https://i.img16888.com/carlogo75/129959.gif,中国,方程豹,5712,0.03%
2023,94,https://i.img16888.com/carlogo75/126518.gif,中国,中国重汽,5699,0.03%
2023,95,https://i.img16888.com/carlogo75/128260.gif,中国,东风富康,5394,0.02%
2023,96,https://i.img16888.com/carlogo75/130023.gif,中国,昊铂,5251,0.02%
2023,97,https://i.img16888.com/carlogo75/128535.gif,中国,高合汽车,4829,0.02%
2023,98,https://i.img16888.com/carlogo75/128430.gif,中国,SERES赛力斯,2734,0.01%
2023,99,https://i.img16888.com/carlogo75/128514.gif,中国,思铭,2099,0.01%
2023,100,https://i.img16888.com/carlogo75/129260.gif,中国,电动屋,2028,0.01%
2023,101,https://i.img16888.com/carlogo75/129775.gif,中国,仰望,2001,0.01%
2023,102,https://i.img16888.com/carlogo75/129897.gif,中国, iCar,1445,0.01%
2023,103,https://i.img16888.com/carlogo75/129366.gif,中国,小虎,979,-
2023,104,https://i.img16888.com/carlogo75/129997.gif,中国,极石,912,-
2023,105,https://i.img16888.com/carlogo75/130040.gif,中国,智界,899,-
2023,106,https://i.img16888.com/carlogo75/130048.gif,中国,极越,774,-
2023,107,https://i.img16888.com/carlogo75/57477.gif,中国,东南,759,-
2023,108,https://i.img16888.com/carlogo75/126042.gif,法国,DS,553,-
2023,109,https://i.img16888.com/carlogo75/128741.gif,中国,新宝骏,548,-
2023,110,https://i.img16888.com/carlogo75/128694.gif,中国,广汽集团,393,-
2023,111,https://i.img16888.com/carlogo75/128452.gif,中国,天际汽车,359,-
2023,112,https://i.img16888.com/carlogo75/57802.gif,日本,讴歌,146,-
2023,113,https://i.img16888.com/carlogo75/128283.gif,中国,爱驰,111,-
2023,114,https://i.img16888.com/carlogo75/124659.gif,中国,理念,103,-
2023,115,https://i.img16888.com/carlogo75/57645.gif,中国,开瑞,76,-
2023,116,https://i.img16888.com/carlogo75/126528.gif,中国,福汽启腾,53,-
2023,117,https://i.img16888.com/carlogo75/126157.gif,中国,观致,23,-
2023,118,https://i.img16888.com/carlogo75/58064.gif,中国,一汽,16,-
2023,119,https://i.img16888.com/carlogo75/126837.gif,中国,雷丁,1,-
