year,rank,logo,country,brand,sales
2016,1,https://i.img16888.com/carlogo75/57411.gif,德国,大众,2969350
2016,2,https://i.img16888.com/carlogo75/57354.gif,美国,别克,1229804
2016,3,https://i.img16888.com/carlogo75/57305.gif,日本,本田,1196677
2016,4,https://i.img16888.com/carlogo75/58001.gif,韩国,现代,1158232
2016,5,https://i.img16888.com/carlogo75/125976.gif,中国,五菱汽车,1121862
2016,6,https://i.img16888.com/carlogo75/57500.gif,日本,丰田,1064173
2016,7,https://i.img16888.com/carlogo75/57534.gif,美国,福特,1061464
2016,8,https://i.img16888.com/carlogo75/57864.gif,日本,日产,1017291
2016,9,https://i.img16888.com/carlogo75/126026.gif,中国,哈弗,938019
2016,10,https://i.img16888.com/carlogo75/57604.gif,中国,吉利汽车,767177
2016,11,https://i.img16888.com/carlogo75/125808.gif,中国,宝骏,760559
2016,12,https://i.img16888.com/carlogo75/57378.gif,中国,长安,760260
2016,13,https://i.img16888.com/carlogo75/57838.gif,韩国,起亚,647346
2016,14,https://i.img16888.com/carlogo75/58024.gif,美国,雪佛兰,538667
2016,15,https://i.img16888.com/carlogo75/57229.gif,德国,奥迪,536289
2016,16,https://i.img16888.com/carlogo75/57328.gif,中国,比亚迪,489017
2016,17,https://i.img16888.com/carlogo75/57823.gif,中国,奇瑞,467895
2016,18,https://i.img16888.com/carlogo75/126292.gif,中国,长安欧尚,422702
2016,19,https://i.img16888.com/carlogo75/57563.gif,中国,广汽传祺,378117
2016,20,https://i.img16888.com/carlogo75/57620.gif,中国,江汽集团,359217
2016,21,https://i.img16888.com/carlogo75/57338.gif,法国,标致,349364
2016,22,https://i.img16888.com/carlogo75/57954.gif,捷克,斯柯达,330088
2016,23,https://i.img16888.com/carlogo75/58085.gif,中国,众泰,323681
2016,24,https://i.img16888.com/carlogo75/57279.gif,德国,奔驰,310578
2016,25,https://i.img16888.com/carlogo75/57248.gif,德国,宝马,303208
2016,26,https://i.img16888.com/carlogo75/58044.gif,法国,雪铁龙,268672
2016,27,https://i.img16888.com/carlogo75/57772.gif,日本,马自达,268566
2016,28,https://i.img16888.com/carlogo75/126546.gif,中国,北汽幻速,268535
2016,29,https://i.img16888.com/carlogo75/126388.gif,中国,东风风行,261300
2016,30,https://i.img16888.com/carlogo75/126169.gif,中国,北京汽车,242882
2016,31,https://i.img16888.com/carlogo75/57891.gif,中国,荣威,241326
2016,32,https://i.img16888.com/carlogo75/57571.gif,中国,海马,213865
2016,33,https://i.img16888.com/carlogo75/126179.gif,中国,北汽威旺,182728
2016,34,https://i.img16888.com/carlogo75/57636.gif,中国,金杯,168669
2016,35,https://i.img16888.com/carlogo75/58074.gif,中国,中华,165549
2016,36,https://i.img16888.com/carlogo75/57733.gif,日本,铃木,151603
2016,37,https://i.img16888.com/carlogo75/57474.gif,中国,东风风神,149306
2016,38,https://i.img16888.com/carlogo75/57612.gif,美国,Jeep,133391
2016,39,https://i.img16888.com/carlogo75/126073.gif,中国,启辰,114383
2016,40,https://i.img16888.com/carlogo75/57477.gif,中国,东南,113583
2016,41,https://i.img16888.com/carlogo75/57651.gif,美国,凯迪拉克,111532
2016,42,https://i.img16888.com/carlogo75/57710.gif,中国,力帆汽车,100589
2016,43,https://i.img16888.com/carlogo75/57301.gif,中国,奔腾,95630
2016,44,https://i.img16888.com/carlogo75/58064.gif,中国,一汽,86567
2016,45,https://i.img16888.com/carlogo75/57765.gif,中国,名爵,80391
2016,46,https://i.img16888.com/carlogo75/57396.gif,中国,猎豹汽车,76499
2016,47,https://i.img16888.com/carlogo75/57594.gif,中国,华泰,73029
2016,48,https://i.img16888.com/carlogo75/57375.gif,中国,北汽昌河,60623
2016,49,https://i.img16888.com/carlogo75/127364.gif,中国,东风风光,60057
2016,50,https://i.img16888.com/carlogo75/57909.gif,日本,三菱,58491
2016,51,https://i.img16888.com/carlogo75/126335.gif,中国,东风小康,51254
2016,52,https://i.img16888.com/carlogo75/126778.gif,中国,凯翼,43025
2016,53,https://i.img16888.com/carlogo75/124944.gif,中国,江铃,41308
2016,54,https://i.img16888.com/carlogo75/125802.gif,中国,纳智捷,40500
2016,55,https://i.img16888.com/carlogo75/57756.gif,英国,路虎,39316
2016,56,https://i.img16888.com/carlogo75/57404.gif,中国,野马汽车,38293
2016,57,https://i.img16888.com/carlogo75/126518.gif,中国,中国重汽,34324
2016,58,https://i.img16888.com/carlogo75/57272.gif,中国,北京,31566
2016,59,https://i.img16888.com/carlogo75/57384.gif,中国,长城,30831
2016,60,https://i.img16888.com/carlogo75/57979.gif,瑞典,沃尔沃,27808
2016,61,https://i.img16888.com/carlogo75/126157.gif,中国,观致,26662
2016,62,https://i.img16888.com/carlogo75/57699.gif,法国,雷诺,25612
2016,63,https://i.img16888.com/carlogo75/57552.gif,中国,福田,25332
2016,64,https://i.img16888.com/carlogo75/58067.gif,日本,英菲尼迪,21521
2016,65,https://i.img16888.com/carlogo75/126162.gif,中国,上汽大通MAXUS,18981
2016,66,https://i.img16888.com/carlogo75/126042.gif,法国,DS,16123
2016,67,https://i.img16888.com/carlogo75/57490.gif,意大利,菲亚特,13049
2016,68,https://i.img16888.com/carlogo75/57645.gif,中国,开瑞,11938
2016,69,https://i.img16888.com/carlogo75/127041.gif,中国,知豆,9091
2016,70,https://i.img16888.com/carlogo75/126500.gif,中国,东风风度,7590
2016,71,https://i.img16888.com/carlogo75/57802.gif,日本,讴歌,6842
2016,72,https://i.img16888.com/carlogo75/126528.gif,中国,福汽启腾,5863
2016,73,https://i.img16888.com/carlogo75/57631.gif,英国,捷豹,5644
2016,74,https://i.img16888.com/carlogo75/127130.gif,德国,宝沃,5556
2016,75,https://i.img16888.com/carlogo75/57584.gif,中国,红旗,4815
2016,76,https://i.img16888.com/carlogo75/126759.gif,中国,华颂,4529
2016,77,https://i.img16888.com/carlogo75/57464.gif,中国,东风,4201
2016,78,https://i.img16888.com/carlogo75/124659.gif,中国,理念,4173
2016,79,https://i.img16888.com/carlogo75/126810.gif,中国,北汽新能源,4128
2016,80,https://i.img16888.com/carlogo75/127635.gif,中国,比速汽车,3885
2016,81,https://i.img16888.com/carlogo75/126360.gif,中国,腾势,2287
2016,82,https://i.img16888.com/carlogo75/127020.gif,中国,全球鹰,2065
2016,83,https://i.img16888.com/carlogo75/126663.gif,日本,五十铃,1806
2016,84,https://i.img16888.com/carlogo75/57970.gif,中国,威麟,1348
2016,85,https://i.img16888.com/carlogo75/126283.gif,中国,北汽制造,885
2016,86,https://i.img16888.com/carlogo75/57601.gif,中国,广汽吉奥,878
2016,87,https://i.img16888.com/carlogo75/57487.gif,中国,永源,514
2016,88,https://i.img16888.com/carlogo75/126113.gif,中国,欧朗,205
2016,89,https://i.img16888.com/carlogo75/57895.gif,中国,瑞麒,170
2016,90,https://i.img16888.com/carlogo75/57598.gif,中国,黄海,50
2016,91,https://i.img16888.com/carlogo75/58082.gif,中国,中兴,2
2017,1,https://i.img16888.com/carlogo75/57411.gif,德国,大众,3115228
2017,2,https://i.img16888.com/carlogo75/57305.gif,日本,本田,1394328
2017,3,https://i.img16888.com/carlogo75/57354.gif,美国,别克,1260304
2017,4,https://i.img16888.com/carlogo75/57604.gif,中国,吉利汽车,1247516
2017,5,https://i.img16888.com/carlogo75/57500.gif,日本,丰田,1131618
2017,6,https://i.img16888.com/carlogo75/57864.gif,日本,日产,1117538
2017,7,https://i.img16888.com/carlogo75/125808.gif,中国,宝骏,1016232
2017,8,https://i.img16888.com/carlogo75/125976.gif,中国,五菱汽车,875478
2017,9,https://i.img16888.com/carlogo75/126026.gif,中国,哈弗,851855
2017,10,https://i.img16888.com/carlogo75/57534.gif,美国,福特,832919
2017,11,https://i.img16888.com/carlogo75/58001.gif,韩国,现代,781503
2017,12,https://i.img16888.com/carlogo75/57378.gif,中国,长安,771549
2017,13,https://i.img16888.com/carlogo75/58024.gif,美国,雪佛兰,601724
2017,14,https://i.img16888.com/carlogo75/57229.gif,德国,奥迪,552004
2017,15,https://i.img16888.com/carlogo75/57563.gif,中国,广汽传祺,500980
2017,16,https://i.img16888.com/carlogo75/57279.gif,德国,奔驰,436748
2017,17,https://i.img16888.com/carlogo75/57328.gif,中国,比亚迪,404788
2017,18,https://i.img16888.com/carlogo75/57823.gif,中国,奇瑞,402433
2017,19,https://i.img16888.com/carlogo75/57248.gif,德国,宝马,385557
2017,20,https://i.img16888.com/carlogo75/57891.gif,中国,荣威,374826
2017,21,https://i.img16888.com/carlogo75/57838.gif,韩国,起亚,359528
2017,22,https://i.img16888.com/carlogo75/126292.gif,中国,长安欧尚,356451
2017,23,https://i.img16888.com/carlogo75/57954.gif,捷克,斯柯达,324986
2017,24,https://i.img16888.com/carlogo75/57772.gif,日本,马自达,316243
2017,25,https://i.img16888.com/carlogo75/58085.gif,中国,众泰,312974
2017,26,https://i.img16888.com/carlogo75/127364.gif,中国,东风风光,266131
2017,27,https://i.img16888.com/carlogo75/126546.gif,中国,北汽幻速,255259
2017,28,https://i.img16888.com/carlogo75/57338.gif,法国,标致,241114
2017,29,https://i.img16888.com/carlogo75/126388.gif,中国,东风风行,230378
2017,30,https://i.img16888.com/carlogo75/57620.gif,中国,江汽集团,216623
2017,31,https://i.img16888.com/carlogo75/57612.gif,美国,Jeep,202901
2017,32,https://i.img16888.com/carlogo75/57651.gif,美国,凯迪拉克,173469
2017,33,https://i.img16888.com/carlogo75/57477.gif,中国,东南,151246
2017,34,https://i.img16888.com/carlogo75/126073.gif,中国,启辰,143206
2017,35,https://i.img16888.com/carlogo75/57571.gif,中国,海马,136041
2017,36,https://i.img16888.com/carlogo75/57765.gif,中国,名爵,135362
2017,37,https://i.img16888.com/carlogo75/58044.gif,法国,雪铁龙,130827
2017,38,https://i.img16888.com/carlogo75/57474.gif,中国,东风风神,125152
2017,39,https://i.img16888.com/carlogo75/57396.gif,中国,猎豹汽车,122750
2017,40,https://i.img16888.com/carlogo75/57594.gif,中国,华泰,120551
2017,41,https://i.img16888.com/carlogo75/57909.gif,日本,三菱,119778
2017,42,https://i.img16888.com/carlogo75/57636.gif,中国,金杯,117711
2017,43,https://i.img16888.com/carlogo75/57733.gif,日本,铃木,114566
2017,44,https://i.img16888.com/carlogo75/57301.gif,中国,奔腾,111999
2017,45,https://i.img16888.com/carlogo75/126169.gif,中国,北京汽车,108269
2017,46,https://i.img16888.com/carlogo75/57710.gif,中国,力帆汽车,101434
2017,47,https://i.img16888.com/carlogo75/58074.gif,中国,中华,98815
2017,48,https://i.img16888.com/carlogo75/58064.gif,中国,一汽,94056
2017,49,https://i.img16888.com/carlogo75/57645.gif,中国,开瑞,93565
2017,50,https://i.img16888.com/carlogo75/57979.gif,瑞典,沃尔沃,91496
2017,51,https://i.img16888.com/carlogo75/126179.gif,中国,北汽威旺,86971
2017,52,https://i.img16888.com/carlogo75/127628.gif,中国,魏牌,86427
2017,53,https://i.img16888.com/carlogo75/57699.gif,法国,雷诺,72188
2017,54,https://i.img16888.com/carlogo75/127635.gif,中国,比速汽车,72092
2017,55,https://i.img16888.com/carlogo75/126810.gif,中国,北汽新能源,61941
2017,56,https://i.img16888.com/carlogo75/57756.gif,英国,路虎,61915
2017,57,https://i.img16888.com/carlogo75/57375.gif,中国,北汽昌河,57016
2017,58,https://i.img16888.com/carlogo75/57272.gif,中国,北京,45877
2017,59,https://i.img16888.com/carlogo75/126335.gif,中国,东风小康,45677
2017,60,https://i.img16888.com/carlogo75/124944.gif,中国,江铃,45106
2017,61,https://i.img16888.com/carlogo75/127130.gif,德国,宝沃,44380
2017,62,https://i.img16888.com/carlogo75/126778.gif,中国,凯翼,41673
2017,63,https://i.img16888.com/carlogo75/127041.gif,中国,知豆,36660
2017,64,https://i.img16888.com/carlogo75/57404.gif,中国,野马汽车,34548
2017,65,https://i.img16888.com/carlogo75/57552.gif,中国,福田,29779
2017,66,https://i.img16888.com/carlogo75/58067.gif,日本,英菲尼迪,27766
2017,67,https://i.img16888.com/carlogo75/126162.gif,中国,上汽大通MAXUS,26429
2017,68,https://i.img16888.com/carlogo75/126518.gif,中国,中国重汽,23547
2017,69,https://i.img16888.com/carlogo75/57631.gif,英国,捷豹,21973
2017,70,https://i.img16888.com/carlogo75/127717.gif,中国,SWM斯威汽车,18571
2017,71,https://i.img16888.com/carlogo75/125802.gif,中国,纳智捷,18033
2017,72,https://i.img16888.com/carlogo75/128342.gif,中国,江铃集团新能源,17807
2017,73,https://i.img16888.com/carlogo75/126157.gif,中国,观致,14959
2017,74,https://i.img16888.com/carlogo75/127020.gif,中国,全球鹰,14745
2017,75,https://i.img16888.com/carlogo75/57802.gif,日本,讴歌,13475
2017,76,https://i.img16888.com/carlogo75/57384.gif,中国,长城,12033
2017,77,https://i.img16888.com/carlogo75/126528.gif,中国,福汽启腾,9638
2017,78,https://i.img16888.com/carlogo75/126500.gif,中国,东风风度,9315
2017,79,https://i.img16888.com/carlogo75/57464.gif,中国,东风,7441
2017,80,https://i.img16888.com/carlogo75/126042.gif,法国,DS,6088
2017,81,https://i.img16888.com/carlogo75/127385.gif,中国,汉腾汽车,5138
2017,82,https://i.img16888.com/carlogo75/126360.gif,中国,腾势,4713
2017,83,https://i.img16888.com/carlogo75/57584.gif,中国,红旗,4665
2017,84,https://i.img16888.com/carlogo75/57598.gif,中国,黄海,4360
2017,85,https://i.img16888.com/carlogo75/126759.gif,中国,华颂,4091
2017,86,https://i.img16888.com/carlogo75/126663.gif,日本,五十铃,3577
2017,87,https://i.img16888.com/carlogo75/124659.gif,中国,理念,2388
2017,88,https://i.img16888.com/carlogo75/57490.gif,意大利,菲亚特,2276
2017,89,https://i.img16888.com/carlogo75/126332.gif,中国,福迪,1619
2017,90,https://i.img16888.com/carlogo75/126283.gif,中国,北汽制造,1065
2017,91,https://i.img16888.com/carlogo75/57970.gif,中国,威麟,131
2017,92,https://i.img16888.com/carlogo75/57601.gif,中国,广汽吉奥,6
2018,1,https://i.img16888.com/carlogo75/57411.gif,德国,大众,3017824
2018,2,https://i.img16888.com/carlogo75/57305.gif,日本,本田,1466411
2018,3,https://i.img16888.com/carlogo75/57604.gif,中国,吉利汽车,1365865
2018,4,https://i.img16888.com/carlogo75/57500.gif,日本,丰田,1228824
2018,5,https://i.img16888.com/carlogo75/57864.gif,日本,日产,1164156
2018,6,https://i.img16888.com/carlogo75/57354.gif,美国,别克,1066629
2018,7,https://i.img16888.com/carlogo75/125808.gif,中国,宝骏,870522
2018,8,https://i.img16888.com/carlogo75/58001.gif,韩国,现代,788326
2018,9,https://i.img16888.com/carlogo75/125976.gif,中国,五菱汽车,772458
2018,10,https://i.img16888.com/carlogo75/126026.gif,中国,哈弗,765045
2018,11,https://i.img16888.com/carlogo75/57378.gif,中国,长安,674469
2018,12,https://i.img16888.com/carlogo75/58024.gif,美国,雪佛兰,641320
2018,13,https://i.img16888.com/carlogo75/57229.gif,德国,奥迪,590024
2018,14,https://i.img16888.com/carlogo75/57563.gif,中国,广汽传祺,518573
2018,15,https://i.img16888.com/carlogo75/57328.gif,中国,比亚迪,489524
2018,16,https://i.img16888.com/carlogo75/57279.gif,德国,奔驰,487413
2018,17,https://i.img16888.com/carlogo75/57891.gif,中国,荣威,470092
2018,18,https://i.img16888.com/carlogo75/57248.gif,德国,宝马,455810
2018,19,https://i.img16888.com/carlogo75/57823.gif,中国,奇瑞,439132
2018,20,https://i.img16888.com/carlogo75/57534.gif,美国,福特,387679
2018,21,https://i.img16888.com/carlogo75/57838.gif,韩国,起亚,373209
2018,22,https://i.img16888.com/carlogo75/57954.gif,捷克,斯柯达,342571
2018,23,https://i.img16888.com/carlogo75/57772.gif,日本,马自达,290449
2018,24,https://i.img16888.com/carlogo75/58085.gif,中国,众泰,232926
2018,25,https://i.img16888.com/carlogo75/57765.gif,中国,名爵,231093
2018,26,https://i.img16888.com/carlogo75/57651.gif,美国,凯迪拉克,228043
2018,27,https://i.img16888.com/carlogo75/127364.gif,中国,东风风光,218998
2018,28,https://i.img16888.com/carlogo75/57620.gif,中国,江汽集团,194414
2018,29,https://i.img16888.com/carlogo75/126292.gif,中国,长安欧尚,181250
2018,30,https://i.img16888.com/carlogo75/126546.gif,中国,北汽幻速,158083
2018,31,https://i.img16888.com/carlogo75/57909.gif,日本,三菱,143448
2018,32,https://i.img16888.com/carlogo75/57338.gif,法国,标致,137381
2018,33,https://i.img16888.com/carlogo75/127628.gif,中国,魏牌,135446
2018,34,https://i.img16888.com/carlogo75/126073.gif,中国,启辰,132068
2018,35,https://i.img16888.com/carlogo75/126388.gif,中国,东风风行,128437
2018,36,https://i.img16888.com/carlogo75/127597.gif,中国,领克,120414
2018,37,https://i.img16888.com/carlogo75/57612.gif,美国,Jeep,117300
2018,38,https://i.img16888.com/carlogo75/58044.gif,法国,雪铁龙,114197
2018,39,https://i.img16888.com/carlogo75/126810.gif,中国,北汽新能源,109627
2018,40,https://i.img16888.com/carlogo75/57979.gif,瑞典,沃尔沃,109415
2018,41,https://i.img16888.com/carlogo75/126169.gif,中国,北京汽车,108560
2018,42,https://i.img16888.com/carlogo75/57594.gif,中国,华泰,106379
2018,43,https://i.img16888.com/carlogo75/57474.gif,中国,东风风神,95311
2018,44,https://i.img16888.com/carlogo75/57301.gif,中国,奔腾,85637
2018,45,https://i.img16888.com/carlogo75/57477.gif,中国,东南,84447
2018,46,https://i.img16888.com/carlogo75/58074.gif,中国,中华,75532
2018,47,https://i.img16888.com/carlogo75/57636.gif,中国,金杯,72296
2018,48,https://i.img16888.com/carlogo75/127635.gif,中国,比速汽车,67786
2018,49,https://i.img16888.com/carlogo75/126157.gif,中国,观致,67517
2018,50,https://i.img16888.com/carlogo75/57396.gif,中国,猎豹汽车,64762
2018,51,https://i.img16888.com/carlogo75/57571.gif,中国,海马,59325
2018,52,https://i.img16888.com/carlogo75/57645.gif,中国,开瑞,58607
2018,53,https://i.img16888.com/carlogo75/57733.gif,日本,铃木,56778
2018,54,https://i.img16888.com/carlogo75/127717.gif,中国,SWM斯威汽车,56377
2018,55,https://i.img16888.com/carlogo75/57375.gif,中国,北汽昌河,54123
2018,56,https://i.img16888.com/carlogo75/58064.gif,中国,一汽,50915
2018,57,https://i.img16888.com/carlogo75/57699.gif,法国,雷诺,50112
2018,58,https://i.img16888.com/carlogo75/128342.gif,中国,江铃集团新能源,44422
2018,59,https://i.img16888.com/carlogo75/57272.gif,中国,北京,40971
2018,60,https://i.img16888.com/carlogo75/57756.gif,英国,路虎,40481
2018,61,https://i.img16888.com/carlogo75/127954.gif,中国,捷途,40009
2018,62,https://i.img16888.com/carlogo75/126335.gif,中国,东风小康,39051
2018,63,https://i.img16888.com/carlogo75/57710.gif,中国,力帆汽车,33447
2018,64,https://i.img16888.com/carlogo75/127130.gif,德国,宝沃,32942
2018,65,https://i.img16888.com/carlogo75/57584.gif,中国,红旗,28445
2018,66,https://i.img16888.com/carlogo75/58067.gif,日本,英菲尼迪,27337
2018,67,https://i.img16888.com/carlogo75/57631.gif,英国,捷豹,27310
2018,68,https://i.img16888.com/carlogo75/124944.gif,中国,江铃,25927
2018,69,https://i.img16888.com/carlogo75/127800.gif,中国,君马汽车,21521
2018,70,https://i.img16888.com/carlogo75/57464.gif,中国,东风,21093
2018,71,https://i.img16888.com/carlogo75/126162.gif,中国,上汽大通MAXUS,21059
2018,72,https://i.img16888.com/carlogo75/126179.gif,中国,北汽威旺,20537
2018,73,https://i.img16888.com/carlogo75/57552.gif,中国,福田,18582
2018,74,https://i.img16888.com/carlogo75/126778.gif,中国,凯翼,18061
2018,75,https://i.img16888.com/carlogo75/57404.gif,中国,野马汽车,16218
2018,76,https://i.img16888.com/carlogo75/127041.gif,中国,知豆,15336
2018,77,https://i.img16888.com/carlogo75/126518.gif,中国,中国重汽,13724
2018,78,https://i.img16888.com/carlogo75/126372.gif,中国,蔚来,12807
2018,79,https://i.img16888.com/carlogo75/57384.gif,中国,长城,8781
2018,80,https://i.img16888.com/carlogo75/57802.gif,日本,讴歌,6853
2018,81,https://i.img16888.com/carlogo75/125802.gif,中国,纳智捷,6742
2018,82,https://i.img16888.com/carlogo75/127863.gif,中国,云度,6654
2018,83,https://i.img16888.com/carlogo75/126528.gif,中国,福汽启腾,3558
2018,84,https://i.img16888.com/carlogo75/128221.gif,中国,大乘汽车,3489
2018,85,https://i.img16888.com/carlogo75/126283.gif,中国,北汽制造,3377
2018,86,https://i.img16888.com/carlogo75/126042.gif,法国,DS,3355
2018,87,https://i.img16888.com/carlogo75/126663.gif,日本,五十铃,2999
2018,88,https://i.img16888.com/carlogo75/126500.gif,中国,东风风度,2506
2018,89,https://i.img16888.com/carlogo75/126360.gif,中国,腾势,1974
2018,90,https://i.img16888.com/carlogo75/127020.gif,中国,全球鹰,1803
2018,91,https://i.img16888.com/carlogo75/127900.gif,中国,电咖汽车,1735
2018,92,https://i.img16888.com/carlogo75/126332.gif,中国,福迪,1414
2018,93,https://i.img16888.com/carlogo75/126759.gif,中国,华颂,1069
2018,94,https://i.img16888.com/carlogo75/128310.gif,中国,长安凯程,771
2018,95,https://i.img16888.com/carlogo75/128201.gif,中国,欧尚汽车,435
2018,96,https://i.img16888.com/carlogo75/57490.gif,意大利,菲亚特,381
2018,97,https://i.img16888.com/carlogo75/124659.gif,中国,理念,100
2018,98,https://i.img16888.com/carlogo75/127959.gif,中国,小鹏汽车,41
2019,1,https://i.img16888.com/carlogo75/57411.gif,德国,大众,3149758
2019,2,https://i.img16888.com/carlogo75/57305.gif,日本,本田,1567922
2019,3,https://i.img16888.com/carlogo75/57500.gif,日本,丰田,1400786
2019,4,https://i.img16888.com/carlogo75/57604.gif,中国,吉利汽车,1223865
2019,5,https://i.img16888.com/carlogo75/57864.gif,日本,日产,1186338
2019,6,https://i.img16888.com/carlogo75/57354.gif,美国,别克,876946
2019,7,https://i.img16888.com/carlogo75/126026.gif,中国,哈弗,793807
2019,8,https://i.img16888.com/carlogo75/58001.gif,韩国,现代,701541
2019,9,https://i.img16888.com/carlogo75/57378.gif,中国,长安,673273
2019,10,https://i.img16888.com/carlogo75/125976.gif,中国,五菱汽车,637940
2019,11,https://i.img16888.com/carlogo75/57229.gif,德国,奥迪,619211
2019,12,https://i.img16888.com/carlogo75/57279.gif,德国,奔驰,593824
2019,13,https://i.img16888.com/carlogo75/57248.gif,德国,宝马,572937
2019,14,https://i.img16888.com/carlogo75/125808.gif,中国,宝骏,541133
2019,15,https://i.img16888.com/carlogo75/58024.gif,美国,雪佛兰,512455
2019,16,https://i.img16888.com/carlogo75/57891.gif,中国,荣威,449899
2019,17,https://i.img16888.com/carlogo75/57328.gif,中国,比亚迪,441807
2019,18,https://i.img16888.com/carlogo75/57823.gif,中国,奇瑞,438923
2019,19,https://i.img16888.com/carlogo75/57563.gif,中国,广汽传祺,369759
2019,20,https://i.img16888.com/carlogo75/57838.gif,韩国,起亚,291176
2019,21,https://i.img16888.com/carlogo75/57954.gif,捷克,斯柯达,275832
2019,22,https://i.img16888.com/carlogo75/57765.gif,中国,名爵,236149
2019,23,https://i.img16888.com/carlogo75/57534.gif,美国,福特,233837
2019,24,https://i.img16888.com/carlogo75/57772.gif,日本,马自达,224204
2019,25,https://i.img16888.com/carlogo75/57651.gif,美国,凯迪拉克,217766
2019,26,https://i.img16888.com/carlogo75/127364.gif,中国,东风风光,181923
2019,27,https://i.img16888.com/carlogo75/57979.gif,瑞典,沃尔沃,142631
2019,28,https://i.img16888.com/carlogo75/127954.gif,中国,捷途,139025
2019,29,https://i.img16888.com/carlogo75/57620.gif,中国,江汽集团,137603
2019,30,https://i.img16888.com/carlogo75/57909.gif,日本,三菱,132088
2019,31,https://i.img16888.com/carlogo75/126169.gif,中国,北京汽车,131284
2019,32,https://i.img16888.com/carlogo75/127597.gif,中国,领克,128063
2019,33,https://i.img16888.com/carlogo75/126810.gif,中国,北汽新能源,122889
2019,34,https://i.img16888.com/carlogo75/126073.gif,中国,启辰,120168
2019,35,https://i.img16888.com/carlogo75/58085.gif,中国,众泰,116398
2019,36,https://i.img16888.com/carlogo75/126388.gif,中国,东风风行,116153
2019,37,https://i.img16888.com/carlogo75/57301.gif,中国,奔腾,114861
2019,38,https://i.img16888.com/carlogo75/126292.gif,中国,长安欧尚,108766
2019,39,https://i.img16888.com/carlogo75/127628.gif,中国,魏牌,99984
2019,40,https://i.img16888.com/carlogo75/57636.gif,中国,金杯,98709
2019,41,https://i.img16888.com/carlogo75/57584.gif,中国,红旗,95258
2019,42,https://i.img16888.com/carlogo75/57612.gif,美国,Jeep,73780
2019,43,https://i.img16888.com/carlogo75/57338.gif,法国,标致,59588
2019,44,https://i.img16888.com/carlogo75/126162.gif,中国,上汽大通MAXUS,59251
2019,45,https://i.img16888.com/carlogo75/57474.gif,中国,东风风神,58591
2019,46,https://i.img16888.com/carlogo75/127130.gif,德国,宝沃,54528
2019,47,https://i.img16888.com/carlogo75/127717.gif,中国,SWM斯威汽车,54235
2019,48,https://i.img16888.com/carlogo75/126546.gif,中国,北汽幻速,52501
2019,49,https://i.img16888.com/carlogo75/58044.gif,法国,雪铁龙,50278
2019,50,https://i.img16888.com/carlogo75/127635.gif,中国,比速汽车,49928
2019,51,https://i.img16888.com/carlogo75/57384.gif,中国,长城,41971
2019,52,https://i.img16888.com/carlogo75/126335.gif,中国,东风小康,40203
2019,53,https://i.img16888.com/carlogo75/128306.gif,中国,欧拉,38865
2019,54,https://i.img16888.com/carlogo75/127800.gif,中国,君马汽车,36375
2019,55,https://i.img16888.com/carlogo75/128138.gif,中国,广汽埃安,35744
2019,56,https://i.img16888.com/carlogo75/58067.gif,日本,英菲尼迪,35035
2019,57,https://i.img16888.com/carlogo75/57756.gif,英国,路虎,33839
2019,58,https://i.img16888.com/carlogo75/57594.gif,中国,华泰,33413
2019,59,https://i.img16888.com/carlogo75/57272.gif,中国,北京,28776
2019,60,https://i.img16888.com/carlogo75/57733.gif,日本,铃木,25655
2019,61,https://i.img16888.com/carlogo75/57477.gif,中国,东南,25408
2019,62,https://i.img16888.com/carlogo75/58074.gif,中国,中华,25119
2019,63,https://i.img16888.com/carlogo75/126157.gif,中国,观致,22154
2019,64,https://i.img16888.com/carlogo75/126372.gif,中国,蔚来,20139
2019,65,https://i.img16888.com/carlogo75/126778.gif,中国,凯翼,20040
2019,66,https://i.img16888.com/carlogo75/57631.gif,英国,捷豹,19922
2019,67,https://i.img16888.com/carlogo75/57396.gif,中国,猎豹汽车,19429
2019,68,https://i.img16888.com/carlogo75/57699.gif,法国,雷诺,18607
2019,69,https://i.img16888.com/carlogo75/127959.gif,中国,小鹏汽车,16609
2019,70,https://i.img16888.com/carlogo75/128414.gif,中国,星途,15994
2019,71,https://i.img16888.com/carlogo75/57375.gif,中国,北汽昌河,15697
2019,72,https://i.img16888.com/carlogo75/57552.gif,中国,福田,13791
2019,73,https://i.img16888.com/carlogo75/57802.gif,日本,讴歌,13733
2019,74,https://i.img16888.com/carlogo75/57645.gif,中国,开瑞,13723
2019,75,https://i.img16888.com/carlogo75/128463.gif,中国,吉利几何,12662
2019,76,https://i.img16888.com/carlogo75/128201.gif,中国,欧尚汽车,12484
2019,77,https://i.img16888.com/carlogo75/57571.gif,中国,海马,11421
2019,78,https://i.img16888.com/carlogo75/57464.gif,中国,东风,10178
2019,79,https://i.img16888.com/carlogo75/126518.gif,中国,中国重汽,10003
2019,80,https://i.img16888.com/carlogo75/128310.gif,中国,长安凯程,8716
2019,81,https://i.img16888.com/carlogo75/58064.gif,中国,一汽,7511
2019,82,https://i.img16888.com/carlogo75/128221.gif,中国,大乘汽车,6889
2019,83,https://i.img16888.com/carlogo75/126179.gif,中国,北汽威旺,5728
2019,84,https://i.img16888.com/carlogo75/57710.gif,中国,力帆汽车,4129
2019,85,https://i.img16888.com/carlogo75/128651.gif,中国,思皓,3875
2019,86,https://i.img16888.com/carlogo75/124944.gif,中国,江铃,3445
2019,87,https://i.img16888.com/carlogo75/128342.gif,中国,江铃集团新能源,3279
2019,88,https://i.img16888.com/carlogo75/127385.gif,中国,汉腾汽车,2689
2019,89,https://i.img16888.com/carlogo75/127863.gif,中国,云度,2566
2019,90,https://i.img16888.com/carlogo75/126528.gif,中国,福汽启腾,2368
2019,91,https://i.img16888.com/carlogo75/128177.gif,中国,新特汽车,2192
2019,92,https://i.img16888.com/carlogo75/126360.gif,中国,腾势,2089
2019,93,https://i.img16888.com/carlogo75/126042.gif,法国,DS,2059
2019,94,https://i.img16888.com/carlogo75/126283.gif,中国,北汽制造,2044
2019,95,https://i.img16888.com/carlogo75/128694.gif,中国,广汽集团,2043
2019,96,https://i.img16888.com/carlogo75/128391.gif,中国,福田乘用车,1852
2019,97,https://i.img16888.com/carlogo75/126663.gif,日本,五十铃,1678
2019,98,https://i.img16888.com/carlogo75/124659.gif,中国,理念,1316
2019,99,https://i.img16888.com/carlogo75/126759.gif,中国,华颂,1184
2019,100,https://i.img16888.com/carlogo75/57749.gif,中国,陆风,900
2019,101,https://i.img16888.com/carlogo75/57404.gif,中国,野马汽车,900
2019,102,https://i.img16888.com/carlogo75/125802.gif,中国,纳智捷,718
2019,103,https://i.img16888.com/carlogo75/127041.gif,中国,知豆,591
2019,104,https://i.img16888.com/carlogo75/128514.gif,中国,思铭,565
2019,105,https://i.img16888.com/carlogo75/126332.gif,中国,福迪,543
2019,106,https://i.img16888.com/carlogo75/126500.gif,中国,东风风度,463
2019,107,https://i.img16888.com/carlogo75/57490.gif,意大利,菲亚特,25
2020,1,https://i.img16888.com/carlogo75/57411.gif,德国,大众,2619839
2020,2,https://i.img16888.com/carlogo75/57305.gif,日本,本田,1635928
2020,3,https://i.img16888.com/carlogo75/57500.gif,日本,丰田,1532840
2020,4,https://i.img16888.com/carlogo75/57604.gif,中国,吉利汽车,1123425
2020,5,https://i.img16888.com/carlogo75/57864.gif,日本,日产,1103634
2020,6,https://i.img16888.com/carlogo75/57354.gif,美国,别克,920873
2020,7,https://i.img16888.com/carlogo75/57378.gif,中国,长安,792836
2020,8,https://i.img16888.com/carlogo75/126026.gif,中国,哈弗,750450
2020,9,https://i.img16888.com/carlogo75/125976.gif,中国,五菱汽车,669187
2020,10,https://i.img16888.com/carlogo75/57229.gif,德国,奥迪,638308
2020,11,https://i.img16888.com/carlogo75/57279.gif,德国,奔驰,619050
2020,12,https://i.img16888.com/carlogo75/57248.gif,德国,宝马,609161
2020,13,https://i.img16888.com/carlogo75/57823.gif,中国,奇瑞,449493
2020,14,https://i.img16888.com/carlogo75/57891.gif,中国,荣威,435550
2020,15,https://i.img16888.com/carlogo75/58001.gif,韩国,现代,433848
2020,16,https://i.img16888.com/carlogo75/57328.gif,中国,比亚迪,404279
2020,17,https://i.img16888.com/carlogo75/58024.gif,美国,雪佛兰,309155
2020,18,https://i.img16888.com/carlogo75/57563.gif,中国,广汽传祺,300681
2020,19,https://i.img16888.com/carlogo75/125808.gif,中国,宝骏,287308
2020,20,https://i.img16888.com/carlogo75/57534.gif,美国,福特,255318
2020,21,https://i.img16888.com/carlogo75/57838.gif,韩国,起亚,252516
2020,22,https://i.img16888.com/carlogo75/57765.gif,中国,名爵,243173
2020,23,https://i.img16888.com/carlogo75/57651.gif,美国,凯迪拉克,225927
2020,24,https://i.img16888.com/carlogo75/57772.gif,日本,马自达,222976
2020,25,https://i.img16888.com/carlogo75/57584.gif,中国,红旗,196182
2020,26,https://i.img16888.com/carlogo75/127597.gif,中国,领克,173809
2020,27,https://i.img16888.com/carlogo75/57979.gif,瑞典,沃尔沃,156089
2020,28,https://i.img16888.com/carlogo75/128465.gif,德国,捷达,142954
2020,29,https://i.img16888.com/carlogo75/126292.gif,中国,长安欧尚,141524
2020,30,https://i.img16888.com/carlogo75/57954.gif,捷克,斯柯达,141033
2020,31,https://i.img16888.com/carlogo75/127954.gif,中国,捷途,130683
2020,32,https://i.img16888.com/carlogo75/128741.gif,中国,新宝骏,122326
2020,33,https://i.img16888.com/carlogo75/127364.gif,中国,东风风光,109819
2020,34,https://i.img16888.com/carlogo75/57620.gif,中国,江汽集团,98230
2020,35,https://i.img16888.com/carlogo75/126388.gif,中国,东风风行,96340
2020,36,https://i.img16888.com/carlogo75/126073.gif,中国,启辰,80441
2020,37,https://i.img16888.com/carlogo75/57636.gif,中国,金杯,80427
2020,38,https://i.img16888.com/carlogo75/57301.gif,中国,奔腾,80138
2020,39,https://i.img16888.com/carlogo75/57909.gif,日本,三菱,75399
2020,40,https://i.img16888.com/carlogo75/127628.gif,中国,魏牌,67590
2020,41,https://i.img16888.com/carlogo75/126169.gif,中国,北京汽车,60286
2020,42,https://i.img16888.com/carlogo75/127717.gif,中国,SWM斯威汽车,53531
2020,43,https://i.img16888.com/carlogo75/58067.gif,日本,英菲尼迪,51283
2020,44,https://i.img16888.com/carlogo75/128138.gif,中国,广汽埃安,49517
2020,45,https://i.img16888.com/carlogo75/128306.gif,中国,欧拉,48160
2020,46,https://i.img16888.com/carlogo75/126162.gif,中国,上汽大通MAXUS,48157
2020,47,https://i.img16888.com/carlogo75/57756.gif,英国,路虎,45516
2020,48,https://i.img16888.com/carlogo75/126372.gif,中国,蔚来,44493
2020,49,https://i.img16888.com/carlogo75/57474.gif,中国,东风风神,42115
2020,50,https://i.img16888.com/carlogo75/126335.gif,中国,东风小康,40622
2020,51,https://i.img16888.com/carlogo75/57612.gif,美国,Jeep,40607
2020,52,https://i.img16888.com/carlogo75/127635.gif,中国,比速汽车,31582
2020,53,https://i.img16888.com/carlogo75/126778.gif,中国,凯翼,29493
2020,54,https://i.img16888.com/carlogo75/57338.gif,法国,标致,28554
2020,55,https://i.img16888.com/carlogo75/57272.gif,中国,北京,25134
2020,101,https://i.img16888.com/carlogo75/128195.gif,中国,大运汽车,1351
2020,102,https://i.img16888.com/carlogo75/128556.gif,中国,国机智骏,1153
2020,103,https://i.img16888.com/carlogo75/124944.gif,中国,江铃,1128
2020,104,https://i.img16888.com/carlogo75/128430.gif,中国,SERES赛力斯,1051
2020,105,https://i.img16888.com/carlogo75/128283.gif,中国,爱驰,881
2020,106,https://i.img16888.com/carlogo75/128893.gif,中国,凌宝汽车,829
2020,107,https://i.img16888.com/carlogo75/128931.gif,中国,睿蓝汽车,727
2020,108,https://i.img16888.com/carlogo75/128793.gif,中国,合创,659
2020,109,https://i.img16888.com/carlogo75/126042.gif,法国,DS,435
2020,110,https://i.img16888.com/carlogo75/57710.gif,中国,力帆汽车,425
2020,111,https://i.img16888.com/carlogo75/126179.gif,中国,北汽威旺,400
2020,112,https://i.img16888.com/carlogo75/128710.gif,中国,云雀汽车,398
2020,113,https://i.img16888.com/carlogo75/126500.gif,中国,东风风度,83
2020,114,https://i.img16888.com/carlogo75/126332.gif,中国,福迪,68
2020,115,https://i.img16888.com/carlogo75/126837.gif,中国,雷丁,29
2020,116,https://i.img16888.com/carlogo75/128177.gif,中国,新特汽车,22
2020,117,https://i.img16888.com/carlogo75/125802.gif,中国,纳智捷,14
2021,1,https://i.img16888.com/carlogo75/57411.gif,德国,大众,2168688
2021,2,https://i.img16888.com/carlogo75/57500.gif,日本,丰田,1643435
2021,3,https://i.img16888.com/carlogo75/57305.gif,日本,本田,1518410
2021,4,https://i.img16888.com/carlogo75/57604.gif,中国,吉利汽车,1073847
2021,5,https://i.img16888.com/carlogo75/125976.gif,中国,五菱汽车,1039656
2021,6,https://i.img16888.com/carlogo75/57864.gif,日本,日产,967980
2021,7,https://i.img16888.com/carlogo75/57378.gif,中国,长安,934900
2021,8,https://i.img16888.com/carlogo75/57354.gif,美国,别克,828640
2021,9,https://i.img16888.com/carlogo75/126026.gif,中国,哈弗,779099
2021,10,https://i.img16888.com/carlogo75/57328.gif,中国,比亚迪,725311
2021,11,https://i.img16888.com/carlogo75/57248.gif,德国,宝马,673608
2021,12,https://i.img16888.com/carlogo75/57823.gif,中国,奇瑞,647107
2021,13,https://i.img16888.com/carlogo75/57229.gif,德国,奥迪,630550
2021,14,https://i.img16888.com/carlogo75/57279.gif,德国,奔驰,598204
2021,15,https://i.img16888.com/carlogo75/57765.gif,中国,名爵,400194
2021,16,https://i.img16888.com/carlogo75/57891.gif,中国,荣威,375954
2021,17,https://i.img16888.com/carlogo75/58001.gif,韩国,现代,365149
2021,18,https://i.img16888.com/carlogo75/126359.gif,美国,特斯拉,326566
2021,19,https://i.img16888.com/carlogo75/57563.gif,中国,广汽传祺,324201
2021,20,https://i.img16888.com/carlogo75/57584.gif,中国,红旗,299747
2021,21,https://i.img16888.com/carlogo75/57534.gif,美国,福特,274148
2021,22,https://i.img16888.com/carlogo75/58024.gif,美国,雪佛兰,269261
2021,23,https://i.img16888.com/carlogo75/126292.gif,中国,长安欧尚,266306
2021,24,https://i.img16888.com/carlogo75/57651.gif,美国,凯迪拉克,233120
2021,25,https://i.img16888.com/carlogo75/127597.gif,中国,领克,221718
2021,26,https://i.img16888.com/carlogo75/128465.gif,德国,捷达,178100
2021,27,https://i.img16888.com/carlogo75/57979.gif,瑞典,沃尔沃,172460
2021,28,https://i.img16888.com/carlogo75/57772.gif,日本,马自达,164415
2021,29,https://i.img16888.com/carlogo75/57838.gif,韩国,起亚,163383
2021,30,https://i.img16888.com/carlogo75/127954.gif,中国,捷途,154077
2021,31,https://i.img16888.com/carlogo75/125808.gif,中国,宝骏,124427
2021,32,https://i.img16888.com/carlogo75/127364.gif,中国,东风风光,123505
2021,33,https://i.img16888.com/carlogo75/126388.gif,中国,东风风行,122261
2021,34,https://i.img16888.com/carlogo75/128651.gif,中国,思皓,116581
2021,35,https://i.img16888.com/carlogo75/127628.gif,中国,魏牌,114867
2021,36,https://i.img16888.com/carlogo75/128306.gif,中国,欧拉,104345
2021,37,https://i.img16888.com/carlogo75/128138.gif,中国,广汽埃安,100551
2021,38,https://i.img16888.com/carlogo75/127959.gif,中国,小鹏汽车,97892
2021,39,https://i.img16888.com/carlogo75/57636.gif,中国,金杯,95117
2021,40,https://i.img16888.com/carlogo75/57474.gif,中国,东风风神,94387
2021,41,https://i.img16888.com/carlogo75/126372.gif,中国,蔚来,92871
2021,42,https://i.img16888.com/carlogo75/57301.gif,中国,奔腾,92820
2021,43,https://i.img16888.com/carlogo75/126073.gif,中国,启辰,81073
2021,44,https://i.img16888.com/carlogo75/128434.gif,中国,理想,77912
2021,45,https://i.img16888.com/carlogo75/128139.gif,中国,哪吒汽车,69674
2021,46,https://i.img16888.com/carlogo75/57909.gif,日本,三菱,66976
2021,47,https://i.img16888.com/carlogo75/126169.gif,中国,北京汽车,66356
2021,48,https://i.img16888.com/carlogo75/57725.gif,美国,林肯,65515
2021,49,https://i.img16888.com/carlogo75/126162.gif,中国,上汽大通MAXUS,55896
2021,51,https://i.img16888.com/carlogo75/57954.gif,捷克,斯柯达,52250
2021,52,https://i.img16888.com/carlogo75/57338.gif,法国,标致,50488
2021,53,https://i.img16888.com/carlogo75/57756.gif,英国,路虎,48840
2021,54,https://i.img16888.com/carlogo75/58044.gif,法国,雪铁龙,46741
2021,55,https://i.img16888.com/carlogo75/128161.gif,中国,零跑汽车,43800
2021,56,https://i.img16888.com/carlogo75/128741.gif,中国,新宝骏,43056
2021,57,https://i.img16888.com/carlogo75/57620.gif,中国,江汽集团,42949
2021,58,https://i.img16888.com/carlogo75/128027.gif,中国,威马汽车,41068
2021,59,https://i.img16888.com/carlogo75/58067.gif,日本,英菲尼迪,40347
2021,60,https://i.img16888.com/carlogo75/127717.gif,中国,SWM斯威汽车,36125
2021,61,https://i.img16888.com/carlogo75/126335.gif,中国,东风小康,32530
2021,62,https://i.img16888.com/carlogo75/57272.gif,中国,北京,29592
2021,63,https://i.img16888.com/carlogo75/128463.gif,中国,吉利几何,29101
2021,64,https://i.img16888.com/carlogo75/129278.gif,中国,坦克,22066
2021,65,https://i.img16888.com/carlogo75/57612.gif,美国,Jeep,20123
2021,66,https://i.img16888.com/carlogo75/126778.gif,中国,凯翼,19641
2021,67,https://i.img16888.com/carlogo75/57571.gif,中国,海马,19082
2021,68,https://i.img16888.com/carlogo75/126837.gif,中国,雷丁,17279
2021,69,https://i.img16888.com/carlogo75/128893.gif,中国,凌宝汽车,15259
2021,70,https://i.img16888.com/carlogo75/57464.gif,中国,东风,13900
2021,71,https://i.img16888.com/carlogo75/128414.gif,中国,星途,13114
2021,72,https://i.img16888.com/carlogo75/57631.gif,英国,捷豹,12642
2021,73,https://i.img16888.com/carlogo75/57733.gif,日本,铃木,10468
2021,74,https://i.img16888.com/carlogo75/57802.gif,日本,讴歌,10431
2021,75,https://i.img16888.com/carlogo75/129035.gif,中国,飞凡汽车,9898
2021,76,https://i.img16888.com/carlogo75/127635.gif,中国,比速汽车,9179
2021,77,https://i.img16888.com/carlogo75/126528.gif,中国,福汽启腾,8403
2021,78,https://i.img16888.com/carlogo75/128430.gif,中国,SERES赛力斯,8165
2021,79,https://i.img16888.com/carlogo75/126518.gif,中国,中国重汽,7575
2021,80,https://i.img16888.com/carlogo75/57477.gif,中国,东南,7201
2021,81,https://i.img16888.com/carlogo75/129115.gif,中国,岚图汽车,6791
2021,82,https://i.img16888.com/carlogo75/128931.gif,中国,睿蓝汽车,6700
2021,83,https://i.img16888.com/carlogo75/57552.gif,中国,福田,5940
2021,84,https://i.img16888.com/carlogo75/129128.gif,中国,极氪,5808
2021,85,https://i.img16888.com/carlogo75/127863.gif,中国,云度,5361
2021,86,https://i.img16888.com/carlogo75/128514.gif,中国,思铭,4815
2021,87,https://i.img16888.com/carlogo75/126360.gif,中国,腾势,4783
2021,88,https://i.img16888.com/carlogo75/57396.gif,中国,猎豹汽车,4158
2021,89,https://i.img16888.com/carlogo75/128947.gif,中国,创维汽车,4088
2021,90,https://i.img16888.com/carlogo75/128342.gif,中国,江铃集团新能源,3840
2021,91,https://i.img16888.com/carlogo75/126157.gif,中国,观致,3732
2021,92,https://i.img16888.com/carlogo75/127130.gif,德国,宝沃,3612
2021,93,https://i.img16888.com/carlogo75/128391.gif,中国,福田乘用车,3307
2021,94,https://i.img16888.com/carlogo75/57710.gif,中国,力帆汽车,3278
2021,95,https://i.img16888.com/carlogo75/126283.gif,中国,北汽制造,3057
2021,96,https://i.img16888.com/carlogo75/58085.gif,中国,众泰,2943
2021,97,https://i.img16888.com/carlogo75/128793.gif,中国,合创,2902
2021,98,https://i.img16888.com/carlogo75/57645.gif,中国,开瑞,2826
2021,99,https://i.img16888.com/carlogo75/128283.gif,中国,爱驰,2698
2021,100,https://i.img16888.com/carlogo75/128201.gif,中国,欧尚汽车,2581
2021,101,https://i.img16888.com/carlogo75/124659.gif,中国,理念,2513
2021,102,https://i.img16888.com/carlogo75/128128.gif,中国,ARCFOX极狐,2490
2021,103,https://i.img16888.com/carlogo75/128556.gif,中国,国机智骏,2333
2021,104,https://i.img16888.com/carlogo75/128195.gif,中国,大运汽车,2328
2021,105,https://i.img16888.com/carlogo75/128694.gif,中国,广汽集团,2081
2021,106,https://i.img16888.com/carlogo75/57375.gif,中国,北汽昌河,2045
2021,107,https://i.img16888.com/carlogo75/126042.gif,法国,DS,1936
2021,108,https://i.img16888.com/carlogo75/57404.gif,中国,野马汽车,1637
2021,109,https://i.img16888.com/carlogo75/129366.gif,中国,小虎,1368
2021,110,https://i.img16888.com/carlogo75/126663.gif,日本,五十铃,1220
2021,111,https://i.img16888.com/carlogo75/129212.gif,中国,华晨新日,816
2021,112,https://i.img16888.com/carlogo75/128098.gif,中国,瑞驰新能源,815
2021,113,https://i.img16888.com/carlogo75/126179.gif,中国,北汽威旺,800
2021,114,https://i.img16888.com/carlogo75/124944.gif,中国,江铃,642
2021,115,https://i.img16888.com/carlogo75/126810.gif,中国,北汽新能源,442
2021,116,https://i.img16888.com/carlogo75/128177.gif,中国,新特汽车,268
2021,117,https://i.img16888.com/carlogo75/127697.gif,中国,驭胜,225
2021,118,https://i.img16888.com/carlogo75/57601.gif,中国,广汽吉奥,150
2021,119,https://i.img16888.com/carlogo75/128710.gif,中国,云雀汽车,145
2021,120,https://i.img16888.com/carlogo75/57929.gif,荷兰,世爵,121
2021,121,https://i.img16888.com/carlogo75/128310.gif,中国,长安凯程,86
2021,122,https://i.img16888.com/carlogo75/57699.gif,法国,雷诺,83
2021,123,https://i.img16888.com/carlogo75/126546.gif,中国,北汽幻速,23
2021,124,https://i.img16888.com/carlogo75/57749.gif,中国,陆风,2
2022,1,https://i.img16888.com/carlogo75/57411.gif,德国,大众,2360707
2022,2,https://i.img16888.com/carlogo75/57500.gif,日本,丰田,1878183
2022,3,https://i.img16888.com/carlogo75/57328.gif,中国,比亚迪,1843553
2022,4,https://i.img16888.com/carlogo75/57305.gif,日本,本田,1411391
2022,5,https://i.img16888.com/carlogo75/125976.gif,中国,五菱汽车,1107535
2022,6,https://i.img16888.com/carlogo75/57378.gif,中国,长安,1047577
2022,7,https://i.img16888.com/carlogo75/57604.gif,中国,吉利汽车,1017407
2022,8,https://i.img16888.com/carlogo75/57823.gif,中国,奇瑞,876583
2022,9,https://i.img16888.com/carlogo75/57864.gif,日本,日产,814010
2022,10,https://i.img16888.com/carlogo75/126359.gif,美国,特斯拉,710865
2022,11,https://i.img16888.com/carlogo75/57354.gif,美国,别克,673377
2022,12,https://i.img16888.com/carlogo75/57248.gif,德国,宝马,665047
2022,13,https://i.img16888.com/carlogo75/57229.gif,德国,奥迪,623616
2022,14,https://i.img16888.com/carlogo75/126026.gif,中国,哈弗,616550
2022,15,https://i.img16888.com/carlogo75/57279.gif,德国,奔驰,606287
2022,16,https://i.img16888.com/carlogo75/57765.gif,中国,名爵,443223
2022,17,https://i.img16888.com/carlogo75/57563.gif,中国,广汽传祺,347835
2022,18,https://i.img16888.com/carlogo75/57584.gif,中国,红旗,311091
2022,19,https://i.img16888.com/carlogo75/57891.gif,中国,荣威,286018
2022,20,https://i.img16888.com/carlogo75/58001.gif,韩国,现代,273378
2022,21,https://i.img16888.com/carlogo75/128138.gif,中国,广汽埃安,271156
2022,22,https://i.img16888.com/carlogo75/58024.gif,美国,雪佛兰,231111
2022,23,https://i.img16888.com/carlogo75/57534.gif,美国,福特,215668
2022,24,https://i.img16888.com/carlogo75/57651.gif,美国,凯迪拉克,215278
2022,25,https://i.img16888.com/carlogo75/57474.gif,中国,东风风神,184425
2022,26,https://i.img16888.com/carlogo75/127597.gif,中国,领克,180166
2022,27,https://i.img16888.com/carlogo75/127954.gif,中国,捷途,180067
2022,28,https://i.img16888.com/carlogo75/126292.gif,中国,长安欧尚,174307
2022,29,https://i.img16888.com/carlogo75/128139.gif,中国,哪吒汽车,152073
2022,30,https://i.img16888.com/carlogo75/128651.gif,中国,思皓,149580
2022,31,https://i.img16888.com/carlogo75/128465.gif,德国,捷达,147279
2022,32,https://i.img16888.com/carlogo75/57979.gif,瑞典,沃尔沃,146297
2022,33,https://i.img16888.com/carlogo75/128434.gif,中国,理想,133246
2022,34,https://i.img16888.com/carlogo75/57838.gif,韩国,起亚,129907
2022,35,https://i.img16888.com/carlogo75/129278.gif,中国,坦克,123881
2022,36,https://i.img16888.com/carlogo75/126372.gif,中国,蔚来,122485
2022,37,https://i.img16888.com/carlogo75/126388.gif,中国,东风风行,122300
2022,38,https://i.img16888.com/carlogo75/128463.gif,中国,吉利几何,120772
2022,39,https://i.img16888.com/carlogo75/127959.gif,中国,小鹏汽车,120757
2022,40,https://i.img16888.com/carlogo75/128161.gif,中国,零跑汽车,111168
2022,41,https://i.img16888.com/carlogo75/125808.gif,中国,宝骏,105084
2022,42,https://i.img16888.com/carlogo75/126073.gif,中国,启辰,100912
2022,43,https://i.img16888.com/carlogo75/129431.gif,中国,东风纳米,95260
2022,44,https://i.img16888.com/carlogo75/129405.gif,中国,AITO,90217
2022,45,https://i.img16888.com/carlogo75/57772.gif,日本,马自达,89785
2022,46,https://i.img16888.com/carlogo75/127364.gif,中国,东风风光,84759
2022,47,https://i.img16888.com/carlogo75/128306.gif,中国,欧拉,78143
2022,48,https://i.img16888.com/carlogo75/57301.gif,中国,奔腾,76530
2022,49,https://i.img16888.com/carlogo75/57725.gif,美国,林肯,73093
2022,50,https://i.img16888.com/carlogo75/129128.gif,中国,极氪,71941
2022,51,https://i.img16888.com/carlogo75/57338.gif,法国,标致,61518
2022,52,https://i.img16888.com/carlogo75/128931.gif,中国,睿蓝汽车,60838
2022,53,https://i.img16888.com/carlogo75/128414.gif,中国,星途,53441
2022,54,https://i.img16888.com/carlogo75/58044.gif,法国,雪铁龙,52439
2022,55,https://i.img16888.com/carlogo75/126169.gif,中国,北京汽车,51769
2022,56,https://i.img16888.com/carlogo75/126162.gif,中国,上汽大通MAXUS,47209
2022,57,https://i.img16888.com/carlogo75/57954.gif,捷克,斯柯达,44770
2022,58,https://i.img16888.com/carlogo75/127628.gif,中国,魏牌,36381
2022,59,https://i.img16888.com/carlogo75/57909.gif,日本,三菱,36159
2022,60,https://i.img16888.com/carlogo75/128741.gif,中国,新宝骏,34816
2022,61,https://i.img16888.com/carlogo75/126778.gif,中国,凯翼,34342
2022,62,https://i.img16888.com/carlogo75/128893.gif,中国,凌宝汽车,34331
2022,63,https://i.img16888.com/carlogo75/129599.gif,中国,深蓝汽车,33492
2022,64,https://i.img16888.com/carlogo75/57756.gif,英国,路虎,29957
2022,65,https://i.img16888.com/carlogo75/129035.gif,中国,飞凡汽车,29780
2022,66,https://i.img16888.com/carlogo75/128027.gif,中国,威马汽车,29467
2022,67,https://i.img16888.com/carlogo75/128000.gif,中国,国金汽车,28000
2022,68,https://i.img16888.com/carlogo75/57272.gif,中国,北京,25689
2022,69,https://i.img16888.com/carlogo75/127717.gif,中国,SWM斯威汽车,22756
2022,70,https://i.img16888.com/carlogo75/57631.gif,英国,捷豹,20780
2022,71,https://i.img16888.com/carlogo75/126837.gif,中国,雷丁,20556
2022,72,https://i.img16888.com/carlogo75/129115.gif,中国,岚图汽车,19873
2022,73,https://i.img16888.com/carlogo75/128793.gif,中国,合创,19621
2022,74,https://i.img16888.com/carlogo75/128195.gif,中国,大运汽车,18960
2022,75,https://i.img16888.com/carlogo75/128947.gif,中国,创维汽车,16417
2022,76,https://i.img16888.com/carlogo75/57620.gif,中国,江汽集团,14062
2022,77,https://i.img16888.com/carlogo75/57477.gif,中国,东南,13406
2022,78,https://i.img16888.com/carlogo75/126909.gif,中国,御捷新能源,12464
2022,79,https://i.img16888.com/carlogo75/128310.gif,中国,长安凯程,12091
2022,80,https://i.img16888.com/carlogo75/57404.gif,中国,野马汽车,11878
2022,81,https://i.img16888.com/carlogo75/128772.gif,中国,SRM鑫源,10730
2022,82,https://i.img16888.com/carlogo75/128260.gif,中国,东风富康,10699
2022,83,https://i.img16888.com/carlogo75/128514.gif,中国,思铭,10023
2022,84,https://i.img16888.com/carlogo75/126360.gif,中国,腾势,9978
2022,85,https://i.img16888.com/carlogo75/128128.gif,中国,ARCFOX极狐,9829
2022,86,https://i.img16888.com/carlogo75/126283.gif,中国,北汽制造,9759
2022,87,https://i.img16888.com/carlogo75/128342.gif,中国,江铃集团新能源,9452
2022,88,https://i.img16888.com/carlogo75/126518.gif,中国,中国重汽,7219
2022,89,https://i.img16888.com/carlogo75/129212.gif,中国,华晨新日,6512
2022,90,https://i.img16888.com/carlogo75/57571.gif,中国,海马,6333
2022,91,https://i.img16888.com/carlogo75/129260.gif,中国,电动屋,6019
2022,92,https://i.img16888.com/carlogo75/129455.gif,中国,百智新能源,5656
2022,93,https://i.img16888.com/carlogo75/129366.gif,中国,小虎,5157
2022,94,https://i.img16888.com/carlogo75/57645.gif,中国,开瑞,5032
2022,95,https://i.img16888.com/carlogo75/57639.gif,德国,smart,4794
2022,96,https://i.img16888.com/carlogo75/128283.gif,中国,爱驰,4626
2022,97,https://i.img16888.com/carlogo75/129158.gif,中国,智己汽车,4576
2022,98,https://i.img16888.com/carlogo75/58067.gif,日本,英菲尼迪,4377
2022,99,https://i.img16888.com/carlogo75/128452.gif,中国,天际汽车,3128
2022,100,https://i.img16888.com/carlogo75/126042.gif,法国,DS,2683
2022,101,https://i.img16888.com/carlogo75/128694.gif,中国,广汽集团,2567
2022,102,https://i.img16888.com/carlogo75/128710.gif,中国,云雀汽车,2015
2022,103,https://i.img16888.com/carlogo75/57612.gif,美国,Jeep,1857
2022,104,https://i.img16888.com/carlogo75/57802.gif,日本,讴歌,1675
2022,105,https://i.img16888.com/carlogo75/124659.gif,中国,理念,1503
2022,106,https://i.img16888.com/carlogo75/129624.gif,中国,阿维塔,757
2022,107,https://i.img16888.com/carlogo75/126528.gif,中国,福汽启腾,653
2022,108,https://i.img16888.com/carlogo75/127863.gif,中国,云度,516
2023,1,https://i.img16888.com/carlogo75/57328.gif,中国,比亚迪,2568956
2023,2,https://i.img16888.com/carlogo75/57411.gif,德国,大众,2228213
2023,3,https://i.img16888.com/carlogo75/57500.gif,日本,丰田,1702496
2023,4,https://i.img16888.com/carlogo75/57305.gif,日本,本田,1201618
2023,5,https://i.img16888.com/carlogo75/57378.gif,中国,长安,969379
2023,6,https://i.img16888.com/carlogo75/57604.gif,中国,吉利汽车,914752
2023,7,https://i.img16888.com/carlogo75/125976.gif,中国,五菱汽车,771117
2023,8,https://i.img16888.com/carlogo75/57864.gif,日本,日产,673539
2023,9,https://i.img16888.com/carlogo75/57229.gif,德国,奥迪,664607
2023,10,https://i.img16888.com/carlogo75/57248.gif,德国,宝马,646152
2023,11,https://i.img16888.com/carlogo75/57279.gif,德国,奔驰,620099
2023,12,https://i.img16888.com/carlogo75/126359.gif,美国,特斯拉,603664
2023,13,https://i.img16888.com/carlogo75/57354.gif,美国,别克,516733
2023,14,https://i.img16888.com/carlogo75/57823.gif,中国,奇瑞,498491
2023,15,https://i.img16888.com/carlogo75/126026.gif,中国,哈弗,493642
2023,16,https://i.img16888.com/carlogo75/128138.gif,中国,广汽埃安,480366
2023,17,https://i.img16888.com/carlogo75/57584.gif,中国,红旗,378706
2023,18,https://i.img16888.com/carlogo75/128434.gif,中国,理想,371923
2023,19,https://i.img16888.com/carlogo75/57563.gif,中国,广汽传祺,355068
2023,20,https://i.img16888.com/carlogo75/58001.gif,韩国,现代,240792
2023,21,https://i.img16888.com/carlogo75/126292.gif,中国,长安欧尚,229449
2023,22,https://i.img16888.com/carlogo75/127597.gif,中国,领克,205766
2023,23,https://i.img16888.com/carlogo75/127954.gif,中国,捷途,203305
2023,24,https://i.img16888.com/carlogo75/57651.gif,美国,凯迪拉克,183577
2023,25,https://i.img16888.com/carlogo75/57534.gif,美国,福特,182448
2023,26,https://i.img16888.com/carlogo75/58024.gif,美国,雪佛兰,168588
2023,27,https://i.img16888.com/carlogo75/128465.gif,德国,捷达,166552
2023,28,https://i.img16888.com/carlogo75/126372.gif,中国,蔚来,159888
2023,29,https://i.img16888.com/carlogo75/57979.gif,瑞典,沃尔沃,147174
2023,30,https://i.img16888.com/carlogo75/57891.gif,中国,荣威,145437
2023,31,https://i.img16888.com/carlogo75/128161.gif,中国,零跑汽车,144155
2023,32,https://i.img16888.com/carlogo75/127959.gif,中国,小鹏汽车,140900
2023,33,https://i.img16888.com/carlogo75/129278.gif,中国,坦克,137425
2023,34,https://i.img16888.com/carlogo75/126360.gif,中国,腾势,124415
2023,35,https://i.img16888.com/carlogo75/129599.gif,中国,深蓝汽车,123968
2023,36,https://i.img16888.com/carlogo75/129128.gif,中国,极氪,118685
2023,37,https://i.img16888.com/carlogo75/57474.gif,中国,东风风神,114753
2023,38,https://i.img16888.com/carlogo75/128139.gif,中国,哪吒汽车,103019
2023,39,https://i.img16888.com/carlogo75/129405.gif,中国,AITO,101631
2023,40,https://i.img16888.com/carlogo75/57765.gif,中国,名爵,98883
2023,41,https://i.img16888.com/carlogo75/57772.gif,日本,马自达,88564
2023,42,https://i.img16888.com/carlogo75/128306.gif,中国,欧拉,88016
2023,43,https://i.img16888.com/carlogo75/57301.gif,中国,奔腾,85256
2023,44,https://i.img16888.com/carlogo75/126169.gif,中国,北京汽车,83815
2023,45,https://i.img16888.com/carlogo75/129817.gif,中国,吉利银河,83491
2023,46,https://i.img16888.com/carlogo75/57725.gif,美国,林肯,71588
2023,47,https://i.img16888.com/carlogo75/57838.gif,韩国,起亚,68258
2023,48,https://i.img16888.com/carlogo75/126073.gif,中国,启辰,65310
2023,49,https://i.img16888.com/carlogo75/128463.gif,中国,吉利几何,62616
2023,50,https://i.img16888.com/carlogo75/128414.gif,中国,星途,58309
2023,51,https://i.img16888.com/carlogo75/126388.gif,中国,东风风行,51479
2023,52,https://i.img16888.com/carlogo75/128651.gif,中国,思皓,50876
2023,53,https://i.img16888.com/carlogo75/129115.gif,中国,岚图汽车,50279
2023,54,https://i.img16888.com/carlogo75/57338.gif,法国,标致,44373
2023,55,https://i.img16888.com/carlogo75/57639.gif,德国,smart,42292
2023,56,https://i.img16888.com/carlogo75/127628.gif,中国,魏牌,41008
2023,57,https://i.img16888.com/carlogo75/126778.gif,中国,凯翼,40210
2023,58,https://i.img16888.com/carlogo75/129158.gif,中国,智己汽车,38253
2023,59,https://i.img16888.com/carlogo75/57272.gif,中国,北京,33119
2023,60,https://i.img16888.com/carlogo75/127364.gif,中国,东风风光,32429
2023,61,https://i.img16888.com/carlogo75/125808.gif,中国,宝骏,31786
2023,62,https://i.img16888.com/carlogo75/126162.gif,中国,上汽大通MAXUS,30523
2023,63,https://i.img16888.com/carlogo75/128128.gif,中国,ARCFOX极狐,30016
2023,64,https://i.img16888.com/carlogo75/57756.gif,英国,路虎,29295
2023,65,https://i.img16888.com/carlogo75/58044.gif,法国,雪铁龙,27115
2023,66,https://i.img16888.com/carlogo75/129431.gif,中国,东风纳米,26579
2023,67,https://i.img16888.com/carlogo75/127717.gif,中国,SWM斯威汽车,24015
2023,68,https://i.img16888.com/carlogo75/129624.gif,中国,阿维塔,23485
2023,69,https://i.img16888.com/carlogo75/57954.gif,捷克,斯柯达,22809
2023,70,https://i.img16888.com/carlogo75/57631.gif,英国,捷豹,22756
2023,71,https://i.img16888.com/carlogo75/128195.gif,中国,大运汽车,22160
2023,72,https://i.img16888.com/carlogo75/129035.gif,中国,飞凡汽车,21012
2023,73,https://i.img16888.com/carlogo75/130028.gif,中国,江淮汽车,20100
2023,74,https://i.img16888.com/carlogo75/128947.gif,中国,创维汽车,18630
2023,75,https://i.img16888.com/carlogo75/126283.gif,中国,北汽制造,16676
2023,76,https://i.img16888.com/carlogo75/128793.gif,中国,合创,15980
2023,77,https://i.img16888.com/carlogo75/129928.gif,中国,长安启源,15684
2023,78,https://i.img16888.com/carlogo75/128931.gif,中国,睿蓝汽车,15273
2023,79,https://i.img16888.com/carlogo75/128893.gif,中国,凌宝汽车,14601
2023,80,https://i.img16888.com/carlogo75/129579.gif,中国,瑞风汽车,14368
2023,81,https://i.img16888.com/carlogo75/57620.gif,中国,江汽集团,14200
2023,82,https://i.img16888.com/carlogo75/129569.gif,中国,金杯新能源,13414
2023,83,https://i.img16888.com/carlogo75/128772.gif,中国,SRM鑫源,13235
2023,84,https://i.img16888.com/carlogo75/57909.gif,日本,三菱,11978
2023,85,https://i.img16888.com/carlogo75/129864.gif,中国,曹操汽车,11866
2023,86,https://i.img16888.com/carlogo75/128310.gif,中国,长安凯程,11717
2023,87,https://i.img16888.com/carlogo75/129884.gif,中国,江淮钇为,11383
2023,88,https://i.img16888.com/carlogo75/57571.gif,中国,海马,10293
2023,89,https://i.img16888.com/carlogo75/129848.gif,中国,蓝电,8927
2023,90,https://i.img16888.com/carlogo75/128342.gif,中国,江铃集团新能源,7632
2023,91,https://i.img16888.com/carlogo75/128000.gif,中国,国金汽车,7350
2023,92,https://i.img16888.com/carlogo75/58067.gif,日本,英菲尼迪,5924
2023,93,https://i.img16888.com/carlogo75/129959.gif,中国,方程豹,5712
2023,94,https://i.img16888.com/carlogo75/126518.gif,中国,中国重汽,5699
2023,95,https://i.img16888.com/carlogo75/128260.gif,中国,东风富康,5394
2023,96,https://i.img16888.com/carlogo75/130023.gif,中国,昊铂,5251
2023,97,https://i.img16888.com/carlogo75/128535.gif,中国,高合汽车,4829
2023,98,https://i.img16888.com/carlogo75/128430.gif,中国,SERES赛力斯,2734
2023,99,https://i.img16888.com/carlogo75/128514.gif,中国,思铭,2099
2023,100,https://i.img16888.com/carlogo75/129260.gif,中国,电动屋,2028
2023,101,https://i.img16888.com/carlogo75/129775.gif,中国,仰望,2001
2023,102,https://i.img16888.com/carlogo75/129897.gif,中国, iCar,1445
2023,103,https://i.img16888.com/carlogo75/129366.gif,中国,小虎,979
2023,104,https://i.img16888.com/carlogo75/129997.gif,中国,极石,912
2023,105,https://i.img16888.com/carlogo75/130040.gif,中国,智界,899
2023,106,https://i.img16888.com/carlogo75/130048.gif,中国,极越,774
2023,107,https://i.img16888.com/carlogo75/57477.gif,中国,东南,759
2023,108,https://i.img16888.com/carlogo75/126042.gif,法国,DS,553
2023,109,https://i.img16888.com/carlogo75/128741.gif,中国,新宝骏,548
2023,110,https://i.img16888.com/carlogo75/128694.gif,中国,广汽集团,393
2023,111,https://i.img16888.com/carlogo75/128452.gif,中国,天际汽车,359
2023,112,https://i.img16888.com/carlogo75/57802.gif,日本,讴歌,146
2023,113,https://i.img16888.com/carlogo75/128283.gif,中国,爱驰,111
2023,114,https://i.img16888.com/carlogo75/124659.gif,中国,理念,103
2023,115,https://i.img16888.com/carlogo75/57645.gif,中国,开瑞,76
2023,116,https://i.img16888.com/carlogo75/126528.gif,中国,福汽启腾,53
2023,117,https://i.img16888.com/carlogo75/126157.gif,中国,观致,23
2023,118,https://i.img16888.com/carlogo75/58064.gif,中国,一汽,16
2023,119,https://i.img16888.com/carlogo75/126837.gif,中国,雷丁,1
